1,テスト企業1,11,2023-07-14 00:00:00,,
2,テスト企業2,15,2023-07-14 00:00:00,,
3,テスト企業3,38,2023-07-14 00:00:00,,
4,テスト企業4,19,2023-07-14 00:00:00,,
5,テスト企業5,42,2023-07-14 00:00:00,,
6,テスト企業6,40,2023-07-14 00:00:00,,
7,テスト企業7,31,2023-07-14 00:00:00,,
8,テスト企業8,14,2023-07-14 00:00:00,,
9,テスト企業9,31,2023-07-14 00:00:00,,
10,テスト企業10,16,2023-07-14 00:00:00,,
11,テスト企業11,18,2023-07-14 00:00:00,,
12,テスト企業12,26,2023-07-14 00:00:00,,
13,テスト企業13,42,2023-07-14 00:00:00,,
14,テスト企業14,4,2023-07-14 00:00:00,,
15,テスト企業15,11,2023-07-14 00:00:00,,
16,テスト企業16,37,2023-07-14 00:00:00,,
17,テスト企業17,39,2023-07-14 00:00:00,,
18,テスト企業18,5,2023-07-14 00:00:00,,
19,テスト企業19,9,2023-07-14 00:00:00,,
20,テスト企業20,1,2023-07-14 00:00:00,,
21,テスト企業21,14,2023-07-14 00:00:00,,
22,テスト企業22,12,2023-07-14 00:00:00,,
23,テスト企業23,30,2023-07-14 00:00:00,,
24,テスト企業24,27,2023-07-14 00:00:00,,
25,テスト企業25,16,2023-07-14 00:00:00,,
26,テスト企業26,28,2023-07-14 00:00:00,,
27,テスト企業27,8,2023-07-14 00:00:00,,
28,テスト企業28,33,2023-07-14 00:00:00,,
29,テスト企業29,5,2023-07-14 00:00:00,,
30,テスト企業30,30,2023-07-14 00:00:00,,
31,テスト企業31,4,2023-07-14 00:00:00,,
32,テスト企業32,11,2023-07-14 00:00:00,,
33,テスト企業33,1,2023-07-14 00:00:00,,
34,テスト企業34,43,2023-07-14 00:00:00,,
35,テスト企業35,24,2023-07-14 00:00:00,,
36,テスト企業36,13,2023-07-14 00:00:00,,
37,テスト企業37,45,2023-07-14 00:00:00,,
38,テスト企業38,44,2023-07-14 00:00:00,,
39,テスト企業39,4,2023-07-14 00:00:00,,
40,テスト企業40,46,2023-07-14 00:00:00,,
41,テスト企業41,24,2023-07-14 00:00:00,,
42,テスト企業42,47,2023-07-14 00:00:00,,
43,テスト企業43,35,2023-07-14 00:00:00,,
44,テスト企業44,2,2023-07-14 00:00:00,,
45,テスト企業45,16,2023-07-14 00:00:00,,
46,テスト企業46,47,2023-07-14 00:00:00,,
47,テスト企業47,33,2023-07-14 00:00:00,,
48,テスト企業48,4,2023-07-14 00:00:00,,
49,テスト企業49,9,2023-07-14 00:00:00,,
50,テスト企業50,41,2023-07-14 00:00:00,,
51,テスト企業51,12,2023-07-14 00:00:00,,
52,テスト企業52,22,2023-07-14 00:00:00,,
53,テスト企業53,32,2023-07-14 00:00:00,,
54,テスト企業54,26,2023-07-14 00:00:00,,
55,テスト企業55,37,2023-07-14 00:00:00,,
56,テスト企業56,31,2023-07-14 00:00:00,,
57,テスト企業57,3,2023-07-14 00:00:00,,
58,テスト企業58,33,2023-07-14 00:00:00,,
59,テスト企業59,40,2023-07-14 00:00:00,,
60,テスト企業60,20,2023-07-14 00:00:00,,
61,テスト企業61,31,2023-07-14 00:00:00,,
62,テスト企業62,20,2023-07-14 00:00:00,,
63,テスト企業63,31,2023-07-14 00:00:00,,
64,テスト企業64,46,2023-07-14 00:00:00,,
65,テスト企業65,30,2023-07-14 00:00:00,,
66,テスト企業66,1,2023-07-14 00:00:00,,
67,テスト企業67,28,2023-07-14 00:00:00,,
68,テスト企業68,24,2023-07-14 00:00:00,,
69,テスト企業69,15,2023-07-14 00:00:00,,
70,テスト企業70,28,2023-07-14 00:00:00,,
71,テスト企業71,27,2023-07-14 00:00:00,,
72,テスト企業72,8,2023-07-14 00:00:00,,
73,テスト企業73,37,2023-07-14 00:00:00,,
74,テスト企業74,30,2023-07-14 00:00:00,,
75,テスト企業75,44,2023-07-14 00:00:00,,
76,テスト企業76,3,2023-07-14 00:00:00,,
77,テスト企業77,24,2023-07-14 00:00:00,,
78,テスト企業78,45,2023-07-14 00:00:00,,
79,テスト企業79,18,2023-07-14 00:00:00,,
80,テスト企業80,27,2023-07-14 00:00:00,,
81,テスト企業81,19,2023-07-14 00:00:00,,
82,テスト企業82,5,2023-07-14 00:00:00,,
83,テスト企業83,33,2023-07-14 00:00:00,,
84,テスト企業84,9,2023-07-14 00:00:00,,
85,テスト企業85,14,2023-07-14 00:00:00,,
86,テスト企業86,26,2023-07-14 00:00:00,,
87,テスト企業87,39,2023-07-14 00:00:00,,
88,テスト企業88,24,2023-07-14 00:00:00,,
89,テスト企業89,1,2023-07-14 00:00:00,,
90,テスト企業90,46,2023-07-14 00:00:00,,
91,テスト企業91,46,2023-07-14 00:00:00,,
92,テスト企業92,13,2023-07-14 00:00:00,,
93,テスト企業93,47,2023-07-14 00:00:00,,
94,テスト企業94,39,2023-07-14 00:00:00,,
95,テスト企業95,21,2023-07-14 00:00:00,,
96,テスト企業96,37,2023-07-14 00:00:00,,
97,テスト企業97,40,2023-07-14 00:00:00,,
98,テスト企業98,41,2023-07-14 00:00:00,,
99,テスト企業99,12,2023-07-14 00:00:00,,
100,テスト企業100,47,2023-07-14 00:00:00,,