1,7,太郎,田中,,2023-07-14 22:55:23,,
2,87,太郎,田中,,2023-07-14 22:55:23,,
3,24,太郎,田中,,2023-07-14 22:55:23,,
4,7,太郎,田中,,2023-07-14 22:55:23,,
5,22,太郎,田中,,2023-07-14 22:55:23,,
6,5,太郎,田中,,2023-07-14 22:55:23,,
7,43,太郎,田中,,2023-07-14 22:55:23,,
8,97,太郎,田中,,2023-07-14 22:55:23,,
9,59,太郎,田中,,2023-07-14 22:55:23,,
10,69,太郎,田中,,2023-07-14 22:55:23,,
11,75,太郎,田中,,2023-07-14 22:55:23,,
12,13,太郎,田中,,2023-07-14 22:55:23,,
13,86,太郎,田中,,2023-07-14 22:55:23,,
14,59,太郎,田中,,2023-07-14 22:55:23,,
15,74,太郎,田中,,2023-07-14 22:55:23,,
16,80,太郎,田中,,2023-07-14 22:55:23,,
17,28,太郎,田中,,2023-07-14 22:55:23,,
18,74,太郎,田中,,2023-07-14 22:55:23,,
19,12,太郎,田中,,2023-07-14 22:55:23,,
20,95,太郎,田中,,2023-07-14 22:55:23,,
21,91,太郎,田中,,2023-07-14 22:55:23,,
22,75,太郎,田中,,2023-07-14 22:55:23,,
23,65,太郎,田中,,2023-07-14 22:55:23,,
24,98,太郎,田中,,2023-07-14 22:55:23,,
25,63,太郎,田中,,2023-07-14 22:55:23,,
26,58,太郎,田中,,2023-07-14 22:55:23,,
27,49,太郎,田中,,2023-07-14 22:55:23,,
28,93,太郎,田中,,2023-07-14 22:55:23,,
29,50,太郎,田中,,2023-07-14 22:55:23,,
30,44,太郎,田中,,2023-07-14 22:55:23,,
31,4,太郎,田中,,2023-07-14 22:55:23,,
32,77,太郎,田中,,2023-07-14 22:55:23,,
33,98,太郎,田中,,2023-07-14 22:55:23,,
34,63,太郎,田中,,2023-07-14 22:55:23,,
35,99,太郎,田中,,2023-07-14 22:55:23,,
36,31,太郎,田中,,2023-07-14 22:55:23,,
37,30,太郎,田中,,2023-07-14 22:55:23,,
38,94,太郎,田中,,2023-07-14 22:55:23,,
39,61,太郎,田中,,2023-07-14 22:55:23,,
40,70,太郎,田中,,2023-07-14 22:55:23,,
41,49,太郎,田中,,2023-07-14 22:55:23,,
42,66,太郎,田中,,2023-07-14 22:55:23,,
43,42,太郎,田中,,2023-07-14 22:55:23,,
44,93,太郎,田中,,2023-07-14 22:55:23,,
45,73,太郎,田中,,2023-07-14 22:55:23,,
46,13,太郎,田中,,2023-07-14 22:55:23,,
47,5,太郎,田中,,2023-07-14 22:55:23,,
48,32,太郎,田中,,2023-07-14 22:55:23,,
49,4,太郎,田中,,2023-07-14 22:55:23,,
50,77,太郎,田中,,2023-07-14 22:55:23,,
51,25,太郎,田中,,2023-07-14 22:55:23,,
52,90,太郎,田中,,2023-07-14 22:55:23,,
53,96,太郎,田中,,2023-07-14 22:55:23,,
54,41,太郎,田中,,2023-07-14 22:55:23,,
55,44,太郎,田中,,2023-07-14 22:55:23,,
56,30,太郎,田中,,2023-07-14 22:55:23,,
57,57,太郎,田中,,2023-07-14 22:55:23,,
58,48,太郎,田中,,2023-07-14 22:55:23,,
59,38,太郎,田中,,2023-07-14 22:55:23,,
60,29,太郎,田中,,2023-07-14 22:55:23,,
61,82,太郎,田中,,2023-07-14 22:55:23,,
62,34,太郎,田中,,2023-07-14 22:55:23,,
63,5,太郎,田中,,2023-07-14 22:55:23,,
64,65,太郎,田中,,2023-07-14 22:55:23,,
65,60,太郎,田中,,2023-07-14 22:55:23,,
66,52,太郎,田中,,2023-07-14 22:55:23,,
67,95,太郎,田中,,2023-07-14 22:55:23,,
68,47,太郎,田中,,2023-07-14 22:55:23,,
69,73,太郎,田中,,2023-07-14 22:55:23,,
70,30,太郎,田中,,2023-07-14 22:55:23,,
71,26,太郎,田中,,2023-07-14 22:55:23,,
72,27,太郎,田中,,2023-07-14 22:55:23,,
73,57,太郎,田中,,2023-07-14 22:55:23,,
74,25,太郎,田中,,2023-07-14 22:55:23,,
75,8,太郎,田中,,2023-07-14 22:55:23,,
76,68,太郎,田中,,2023-07-14 22:55:23,,
77,41,太郎,田中,,2023-07-14 22:55:23,,
78,76,太郎,田中,,2023-07-14 22:55:23,,
79,35,太郎,田中,,2023-07-14 22:55:23,,
80,16,太郎,田中,,2023-07-14 22:55:23,,
81,44,太郎,田中,,2023-07-14 22:55:23,,
82,91,太郎,田中,,2023-07-14 22:55:23,,
83,22,太郎,田中,,2023-07-14 22:55:23,,
84,1,太郎,田中,,2023-07-14 22:55:23,,
85,86,太郎,田中,,2023-07-14 22:55:23,,
86,84,太郎,田中,,2023-07-14 22:55:23,,
87,32,太郎,田中,,2023-07-14 22:55:23,,
88,88,太郎,田中,,2023-07-14 22:55:23,,
89,68,太郎,田中,,2023-07-14 22:55:23,,
90,12,太郎,田中,,2023-07-14 22:55:23,,
91,76,太郎,田中,,2023-07-14 22:55:23,,
92,86,太郎,田中,,2023-07-14 22:55:23,,
93,83,太郎,田中,,2023-07-14 22:55:23,,
94,37,太郎,田中,,2023-07-14 22:55:23,,
95,96,太郎,田中,,2023-07-14 22:55:23,,
96,13,太郎,田中,,2023-07-14 22:55:23,,
97,50,太郎,田中,,2023-07-14 22:55:23,,
98,25,太郎,田中,,2023-07-14 22:55:23,,
99,74,太郎,田中,,2023-07-14 22:55:23,,
100,42,太郎,田中,,2023-07-14 22:55:23,,
101,2,太郎,田中,,2023-07-14 22:55:23,,
102,65,太郎,田中,,2023-07-14 22:55:23,,
103,88,太郎,田中,,2023-07-14 22:55:23,,
104,63,太郎,田中,,2023-07-14 22:55:23,,
105,13,太郎,田中,,2023-07-14 22:55:23,,
106,70,太郎,田中,,2023-07-14 22:55:23,,
107,9,太郎,田中,,2023-07-14 22:55:23,,
108,95,太郎,田中,,2023-07-14 22:55:23,,
109,42,太郎,田中,,2023-07-14 22:55:23,,
110,48,太郎,田中,,2023-07-14 22:55:23,,
111,23,太郎,田中,,2023-07-14 22:55:23,,
112,54,太郎,田中,,2023-07-14 22:55:23,,
113,22,太郎,田中,,2023-07-14 22:55:23,,
114,17,太郎,田中,,2023-07-14 22:55:23,,
115,69,太郎,田中,,2023-07-14 22:55:23,,
116,85,太郎,田中,,2023-07-14 22:55:23,,
117,72,太郎,田中,,2023-07-14 22:55:23,,
118,27,太郎,田中,,2023-07-14 22:55:23,,
119,26,太郎,田中,,2023-07-14 22:55:23,,
120,16,太郎,田中,,2023-07-14 22:55:23,,
121,91,太郎,田中,,2023-07-14 22:55:23,,
122,35,太郎,田中,,2023-07-14 22:55:23,,
123,93,太郎,田中,,2023-07-14 22:55:23,,
124,65,太郎,田中,,2023-07-14 22:55:23,,
125,61,太郎,田中,,2023-07-14 22:55:23,,
126,29,太郎,田中,,2023-07-14 22:55:23,,
127,95,太郎,田中,,2023-07-14 22:55:23,,
128,68,太郎,田中,,2023-07-14 22:55:23,,
129,6,太郎,田中,,2023-07-14 22:55:23,,
130,80,太郎,田中,,2023-07-14 22:55:23,,
131,89,太郎,田中,,2023-07-14 22:55:23,,
132,55,太郎,田中,,2023-07-14 22:55:23,,
133,50,太郎,田中,,2023-07-14 22:55:23,,
134,31,太郎,田中,,2023-07-14 22:55:23,,
135,52,太郎,田中,,2023-07-14 22:55:23,,
136,13,太郎,田中,,2023-07-14 22:55:23,,
137,74,太郎,田中,,2023-07-14 22:55:23,,
138,78,太郎,田中,,2023-07-14 22:55:23,,
139,27,太郎,田中,,2023-07-14 22:55:23,,
140,14,太郎,田中,,2023-07-14 22:55:23,,
141,94,太郎,田中,,2023-07-14 22:55:23,,
142,27,太郎,田中,,2023-07-14 22:55:23,,
143,30,太郎,田中,,2023-07-14 22:55:23,,
144,91,太郎,田中,,2023-07-14 22:55:23,,
145,80,太郎,田中,,2023-07-14 22:55:23,,
146,39,太郎,田中,,2023-07-14 22:55:23,,
147,37,太郎,田中,,2023-07-14 22:55:23,,
148,40,太郎,田中,,2023-07-14 22:55:23,,
149,60,太郎,田中,,2023-07-14 22:55:23,,
150,69,太郎,田中,,2023-07-14 22:55:23,,
151,40,太郎,田中,,2023-07-14 22:55:23,,
152,49,太郎,田中,,2023-07-14 22:55:23,,
153,27,太郎,田中,,2023-07-14 22:55:23,,
154,32,太郎,田中,,2023-07-14 22:55:23,,
155,14,太郎,田中,,2023-07-14 22:55:23,,
156,4,太郎,田中,,2023-07-14 22:55:23,,
157,88,太郎,田中,,2023-07-14 22:55:23,,
158,94,太郎,田中,,2023-07-14 22:55:23,,
159,27,太郎,田中,,2023-07-14 22:55:23,,
160,15,太郎,田中,,2023-07-14 22:55:23,,
161,2,太郎,田中,,2023-07-14 22:55:23,,
162,93,太郎,田中,,2023-07-14 22:55:23,,
163,1,太郎,田中,,2023-07-14 22:55:23,,
164,88,太郎,田中,,2023-07-14 22:55:23,,
165,35,太郎,田中,,2023-07-14 22:55:23,,
166,59,太郎,田中,,2023-07-14 22:55:23,,
167,84,太郎,田中,,2023-07-14 22:55:23,,
168,83,太郎,田中,,2023-07-14 22:55:23,,
169,59,太郎,田中,,2023-07-14 22:55:23,,
170,57,太郎,田中,,2023-07-14 22:55:23,,
171,72,太郎,田中,,2023-07-14 22:55:23,,
172,89,太郎,田中,,2023-07-14 22:55:23,,
173,58,太郎,田中,,2023-07-14 22:55:23,,
174,54,太郎,田中,,2023-07-14 22:55:23,,
175,3,太郎,田中,,2023-07-14 22:55:23,,
176,57,太郎,田中,,2023-07-14 22:55:23,,
177,41,太郎,田中,,2023-07-14 22:55:23,,
178,36,太郎,田中,,2023-07-14 22:55:23,,
179,80,太郎,田中,,2023-07-14 22:55:23,,
180,81,太郎,田中,,2023-07-14 22:55:23,,
181,7,太郎,田中,,2023-07-14 22:55:23,,
182,52,太郎,田中,,2023-07-14 22:55:23,,
183,74,太郎,田中,,2023-07-14 22:55:23,,
184,4,太郎,田中,,2023-07-14 22:55:23,,
185,80,太郎,田中,,2023-07-14 22:55:23,,
186,77,太郎,田中,,2023-07-14 22:55:23,,
187,20,太郎,田中,,2023-07-14 22:55:23,,
188,82,太郎,田中,,2023-07-14 22:55:23,,
189,39,太郎,田中,,2023-07-14 22:55:23,,
190,19,太郎,田中,,2023-07-14 22:55:23,,
191,65,太郎,田中,,2023-07-14 22:55:23,,
192,2,太郎,田中,,2023-07-14 22:55:23,,
193,25,太郎,田中,,2023-07-14 22:55:23,,
194,78,太郎,田中,,2023-07-14 22:55:23,,
195,8,太郎,田中,,2023-07-14 22:55:23,,
196,46,太郎,田中,,2023-07-14 22:55:23,,
197,73,太郎,田中,,2023-07-14 22:55:23,,
198,4,太郎,田中,,2023-07-14 22:55:23,,
199,38,太郎,田中,,2023-07-14 22:55:23,,
200,6,太郎,田中,,2023-07-14 22:55:23,,
201,11,太郎,田中,,2023-07-14 22:55:23,,
202,43,太郎,田中,,2023-07-14 22:55:23,,
203,9,太郎,田中,,2023-07-14 22:55:23,,
204,75,太郎,田中,,2023-07-14 22:55:23,,
205,39,太郎,田中,,2023-07-14 22:55:23,,
206,75,太郎,田中,,2023-07-14 22:55:23,,
207,86,太郎,田中,,2023-07-14 22:55:23,,
208,56,太郎,田中,,2023-07-14 22:55:23,,
209,61,太郎,田中,,2023-07-14 22:55:23,,
210,10,太郎,田中,,2023-07-14 22:55:23,,
211,37,太郎,田中,,2023-07-14 22:55:23,,
212,44,太郎,田中,,2023-07-14 22:55:23,,
213,3,太郎,田中,,2023-07-14 22:55:23,,
214,61,太郎,田中,,2023-07-14 22:55:23,,
215,1,太郎,田中,,2023-07-14 22:55:23,,
216,98,太郎,田中,,2023-07-14 22:55:23,,
217,80,太郎,田中,,2023-07-14 22:55:23,,
218,73,太郎,田中,,2023-07-14 22:55:23,,
219,21,太郎,田中,,2023-07-14 22:55:23,,
220,59,太郎,田中,,2023-07-14 22:55:23,,
221,59,太郎,田中,,2023-07-14 22:55:23,,
222,29,太郎,田中,,2023-07-14 22:55:23,,
223,8,太郎,田中,,2023-07-14 22:55:23,,
224,88,太郎,田中,,2023-07-14 22:55:23,,
225,87,太郎,田中,,2023-07-14 22:55:23,,
226,85,太郎,田中,,2023-07-14 22:55:23,,
227,19,太郎,田中,,2023-07-14 22:55:23,,
228,100,太郎,田中,,2023-07-14 22:55:23,,
229,30,太郎,田中,,2023-07-14 22:55:23,,
230,10,太郎,田中,,2023-07-14 22:55:23,,
231,12,太郎,田中,,2023-07-14 22:55:23,,
232,18,太郎,田中,,2023-07-14 22:55:23,,
233,84,太郎,田中,,2023-07-14 22:55:23,,
234,24,太郎,田中,,2023-07-14 22:55:23,,
235,1,太郎,田中,,2023-07-14 22:55:23,,
236,20,太郎,田中,,2023-07-14 22:55:23,,
237,18,太郎,田中,,2023-07-14 22:55:23,,
238,31,太郎,田中,,2023-07-14 22:55:23,,
239,55,太郎,田中,,2023-07-14 22:55:23,,
240,72,太郎,田中,,2023-07-14 22:55:23,,
241,88,太郎,田中,,2023-07-14 22:55:23,,
242,39,太郎,田中,,2023-07-14 22:55:23,,
243,54,太郎,田中,,2023-07-14 22:55:23,,
244,8,太郎,田中,,2023-07-14 22:55:23,,
245,81,太郎,田中,,2023-07-14 22:55:23,,
246,44,太郎,田中,,2023-07-14 22:55:23,,
247,87,太郎,田中,,2023-07-14 22:55:23,,
248,88,太郎,田中,,2023-07-14 22:55:23,,
249,34,太郎,田中,,2023-07-14 22:55:23,,
250,33,太郎,田中,,2023-07-14 22:55:23,,
251,72,太郎,田中,,2023-07-14 22:55:23,,
252,25,太郎,田中,,2023-07-14 22:55:23,,
253,48,太郎,田中,,2023-07-14 22:55:23,,
254,39,太郎,田中,,2023-07-14 22:55:23,,
255,75,太郎,田中,,2023-07-14 22:55:23,,
256,16,太郎,田中,,2023-07-14 22:55:23,,
257,47,太郎,田中,,2023-07-14 22:55:23,,
258,20,太郎,田中,,2023-07-14 22:55:23,,
259,33,太郎,田中,,2023-07-14 22:55:23,,
260,76,太郎,田中,,2023-07-14 22:55:23,,
261,90,太郎,田中,,2023-07-14 22:55:23,,
262,91,太郎,田中,,2023-07-14 22:55:23,,
263,24,太郎,田中,,2023-07-14 22:55:23,,
264,66,太郎,田中,,2023-07-14 22:55:23,,
265,56,太郎,田中,,2023-07-14 22:55:23,,
266,91,太郎,田中,,2023-07-14 22:55:23,,
267,77,太郎,田中,,2023-07-14 22:55:23,,
268,80,太郎,田中,,2023-07-14 22:55:23,,
269,96,太郎,田中,,2023-07-14 22:55:23,,
270,77,太郎,田中,,2023-07-14 22:55:23,,
271,79,太郎,田中,,2023-07-14 22:55:23,,
272,5,太郎,田中,,2023-07-14 22:55:23,,
273,59,太郎,田中,,2023-07-14 22:55:23,,
274,65,太郎,田中,,2023-07-14 22:55:23,,
275,39,太郎,田中,,2023-07-14 22:55:23,,
276,49,太郎,田中,,2023-07-14 22:55:23,,
277,49,太郎,田中,,2023-07-14 22:55:23,,
278,59,太郎,田中,,2023-07-14 22:55:23,,
279,29,太郎,田中,,2023-07-14 22:55:23,,
280,43,太郎,田中,,2023-07-14 22:55:23,,
281,95,太郎,田中,,2023-07-14 22:55:23,,
282,94,太郎,田中,,2023-07-14 22:55:23,,
283,100,太郎,田中,,2023-07-14 22:55:23,,
284,87,太郎,田中,,2023-07-14 22:55:23,,
285,82,太郎,田中,,2023-07-14 22:55:23,,
286,28,太郎,田中,,2023-07-14 22:55:23,,
287,28,太郎,田中,,2023-07-14 22:55:23,,
288,12,太郎,田中,,2023-07-14 22:55:23,,
289,74,太郎,田中,,2023-07-14 22:55:23,,
290,84,太郎,田中,,2023-07-14 22:55:23,,
291,56,太郎,田中,,2023-07-14 22:55:23,,
292,68,太郎,田中,,2023-07-14 22:55:23,,
293,50,太郎,田中,,2023-07-14 22:55:23,,
294,42,太郎,田中,,2023-07-14 22:55:23,,
295,16,太郎,田中,,2023-07-14 22:55:23,,
296,36,太郎,田中,,2023-07-14 22:55:23,,
297,60,太郎,田中,,2023-07-14 22:55:23,,
298,14,太郎,田中,,2023-07-14 22:55:23,,
299,24,太郎,田中,,2023-07-14 22:55:23,,
300,65,太郎,田中,,2023-07-14 22:55:23,,
301,78,太郎,田中,,2023-07-14 22:55:23,,
302,18,太郎,田中,,2023-07-14 22:55:23,,
303,2,太郎,田中,,2023-07-14 22:55:23,,
304,37,太郎,田中,,2023-07-14 22:55:23,,
305,17,太郎,田中,,2023-07-14 22:55:23,,
306,91,太郎,田中,,2023-07-14 22:55:23,,
307,31,太郎,田中,,2023-07-14 22:55:23,,
308,15,太郎,田中,,2023-07-14 22:55:23,,
309,51,太郎,田中,,2023-07-14 22:55:23,,
310,46,太郎,田中,,2023-07-14 22:55:23,,
311,22,太郎,田中,,2023-07-14 22:55:23,,
312,30,太郎,田中,,2023-07-14 22:55:23,,
313,69,太郎,田中,,2023-07-14 22:55:23,,
314,57,太郎,田中,,2023-07-14 22:55:23,,
315,60,太郎,田中,,2023-07-14 22:55:23,,
316,75,太郎,田中,,2023-07-14 22:55:23,,
317,45,太郎,田中,,2023-07-14 22:55:23,,
318,43,太郎,田中,,2023-07-14 22:55:23,,
319,20,太郎,田中,,2023-07-14 22:55:23,,
320,7,太郎,田中,,2023-07-14 22:55:23,,
321,22,太郎,田中,,2023-07-14 22:55:23,,
322,43,太郎,田中,,2023-07-14 22:55:23,,
323,40,太郎,田中,,2023-07-14 22:55:23,,
324,81,太郎,田中,,2023-07-14 22:55:23,,
325,43,太郎,田中,,2023-07-14 22:55:23,,
326,72,太郎,田中,,2023-07-14 22:55:23,,
327,86,太郎,田中,,2023-07-14 22:55:23,,
328,6,太郎,田中,,2023-07-14 22:55:23,,
329,50,太郎,田中,,2023-07-14 22:55:23,,
330,40,太郎,田中,,2023-07-14 22:55:23,,
331,12,太郎,田中,,2023-07-14 22:55:23,,
332,10,太郎,田中,,2023-07-14 22:55:23,,
333,73,太郎,田中,,2023-07-14 22:55:23,,
334,77,太郎,田中,,2023-07-14 22:55:23,,
335,53,太郎,田中,,2023-07-14 22:55:23,,
336,10,太郎,田中,,2023-07-14 22:55:23,,
337,53,太郎,田中,,2023-07-14 22:55:23,,
338,21,太郎,田中,,2023-07-14 22:55:23,,
339,9,太郎,田中,,2023-07-14 22:55:23,,
340,30,太郎,田中,,2023-07-14 22:55:23,,
341,45,太郎,田中,,2023-07-14 22:55:23,,
342,22,太郎,田中,,2023-07-14 22:55:23,,
343,53,太郎,田中,,2023-07-14 22:55:23,,
344,32,太郎,田中,,2023-07-14 22:55:23,,
345,32,太郎,田中,,2023-07-14 22:55:23,,
346,47,太郎,田中,,2023-07-14 22:55:23,,
347,20,太郎,田中,,2023-07-14 22:55:23,,
348,79,太郎,田中,,2023-07-14 22:55:23,,
349,99,太郎,田中,,2023-07-14 22:55:23,,
350,30,太郎,田中,,2023-07-14 22:55:23,,
351,69,太郎,田中,,2023-07-14 22:55:23,,
352,85,太郎,田中,,2023-07-14 22:55:23,,
353,37,太郎,田中,,2023-07-14 22:55:23,,
354,25,太郎,田中,,2023-07-14 22:55:23,,
355,43,太郎,田中,,2023-07-14 22:55:23,,
356,88,太郎,田中,,2023-07-14 22:55:23,,
357,84,太郎,田中,,2023-07-14 22:55:23,,
358,63,太郎,田中,,2023-07-14 22:55:23,,
359,37,太郎,田中,,2023-07-14 22:55:23,,
360,28,太郎,田中,,2023-07-14 22:55:23,,
361,88,太郎,田中,,2023-07-14 22:55:23,,
362,16,太郎,田中,,2023-07-14 22:55:23,,
363,33,太郎,田中,,2023-07-14 22:55:23,,
364,68,太郎,田中,,2023-07-14 22:55:23,,
365,19,太郎,田中,,2023-07-14 22:55:23,,
366,85,太郎,田中,,2023-07-14 22:55:23,,
367,84,太郎,田中,,2023-07-14 22:55:23,,
368,43,太郎,田中,,2023-07-14 22:55:23,,
369,76,太郎,田中,,2023-07-14 22:55:23,,
370,9,太郎,田中,,2023-07-14 22:55:23,,
371,8,太郎,田中,,2023-07-14 22:55:23,,
372,17,太郎,田中,,2023-07-14 22:55:23,,
373,18,太郎,田中,,2023-07-14 22:55:23,,
374,6,太郎,田中,,2023-07-14 22:55:23,,
375,11,太郎,田中,,2023-07-14 22:55:23,,
376,94,太郎,田中,,2023-07-14 22:55:23,,
377,81,太郎,田中,,2023-07-14 22:55:23,,
378,98,太郎,田中,,2023-07-14 22:55:23,,
379,65,太郎,田中,,2023-07-14 22:55:23,,
380,97,太郎,田中,,2023-07-14 22:55:23,,
381,73,太郎,田中,,2023-07-14 22:55:23,,
382,84,太郎,田中,,2023-07-14 22:55:23,,
383,50,太郎,田中,,2023-07-14 22:55:23,,
384,56,太郎,田中,,2023-07-14 22:55:23,,
385,85,太郎,田中,,2023-07-14 22:55:23,,
386,32,太郎,田中,,2023-07-14 22:55:23,,
387,19,太郎,田中,,2023-07-14 22:55:23,,
388,24,太郎,田中,,2023-07-14 22:55:23,,
389,38,太郎,田中,,2023-07-14 22:55:23,,
390,54,太郎,田中,,2023-07-14 22:55:23,,
391,57,太郎,田中,,2023-07-14 22:55:23,,
392,28,太郎,田中,,2023-07-14 22:55:23,,
393,52,太郎,田中,,2023-07-14 22:55:23,,
394,43,太郎,田中,,2023-07-14 22:55:23,,
395,74,太郎,田中,,2023-07-14 22:55:23,,
396,35,太郎,田中,,2023-07-14 22:55:23,,
397,37,太郎,田中,,2023-07-14 22:55:23,,
398,96,太郎,田中,,2023-07-14 22:55:23,,
399,29,太郎,田中,,2023-07-14 22:55:23,,
400,64,太郎,田中,,2023-07-14 22:55:23,,
401,1,太郎,田中,,2023-07-14 22:55:23,,
402,45,太郎,田中,,2023-07-14 22:55:23,,
403,79,太郎,田中,,2023-07-14 22:55:23,,
404,50,太郎,田中,,2023-07-14 22:55:23,,
405,13,太郎,田中,,2023-07-14 22:55:23,,
406,60,太郎,田中,,2023-07-14 22:55:23,,
407,36,太郎,田中,,2023-07-14 22:55:23,,
408,85,太郎,田中,,2023-07-14 22:55:23,,
409,10,太郎,田中,,2023-07-14 22:55:23,,
410,68,太郎,田中,,2023-07-14 22:55:23,,
411,31,太郎,田中,,2023-07-14 22:55:23,,
412,29,太郎,田中,,2023-07-14 22:55:23,,
413,76,太郎,田中,,2023-07-14 22:55:23,,
414,28,太郎,田中,,2023-07-14 22:55:23,,
415,23,太郎,田中,,2023-07-14 22:55:23,,
416,56,太郎,田中,,2023-07-14 22:55:23,,
417,12,太郎,田中,,2023-07-14 22:55:23,,
418,91,太郎,田中,,2023-07-14 22:55:23,,
419,31,太郎,田中,,2023-07-14 22:55:23,,
420,96,太郎,田中,,2023-07-14 22:55:23,,
421,16,太郎,田中,,2023-07-14 22:55:23,,
422,52,太郎,田中,,2023-07-14 22:55:23,,
423,25,太郎,田中,,2023-07-14 22:55:23,,
424,41,太郎,田中,,2023-07-14 22:55:23,,
425,73,太郎,田中,,2023-07-14 22:55:23,,
426,47,太郎,田中,,2023-07-14 22:55:23,,
427,8,太郎,田中,,2023-07-14 22:55:23,,
428,88,太郎,田中,,2023-07-14 22:55:23,,
429,8,太郎,田中,,2023-07-14 22:55:23,,
430,26,太郎,田中,,2023-07-14 22:55:23,,
431,85,太郎,田中,,2023-07-14 22:55:23,,
432,72,太郎,田中,,2023-07-14 22:55:23,,
433,71,太郎,田中,,2023-07-14 22:55:23,,
434,55,太郎,田中,,2023-07-14 22:55:23,,
435,57,太郎,田中,,2023-07-14 22:55:23,,
436,30,太郎,田中,,2023-07-14 22:55:23,,
437,92,太郎,田中,,2023-07-14 22:55:23,,
438,68,太郎,田中,,2023-07-14 22:55:23,,
439,77,太郎,田中,,2023-07-14 22:55:23,,
440,94,太郎,田中,,2023-07-14 22:55:23,,
441,5,太郎,田中,,2023-07-14 22:55:23,,
442,78,太郎,田中,,2023-07-14 22:55:23,,
443,59,太郎,田中,,2023-07-14 22:55:23,,
444,74,太郎,田中,,2023-07-14 22:55:23,,
445,35,太郎,田中,,2023-07-14 22:55:23,,
446,14,太郎,田中,,2023-07-14 22:55:23,,
447,78,太郎,田中,,2023-07-14 22:55:23,,
448,70,太郎,田中,,2023-07-14 22:55:23,,
449,19,太郎,田中,,2023-07-14 22:55:23,,
450,14,太郎,田中,,2023-07-14 22:55:23,,
451,87,太郎,田中,,2023-07-14 22:55:23,,
452,27,太郎,田中,,2023-07-14 22:55:23,,
453,1,太郎,田中,,2023-07-14 22:55:23,,
454,63,太郎,田中,,2023-07-14 22:55:23,,
455,37,太郎,田中,,2023-07-14 22:55:23,,
456,64,太郎,田中,,2023-07-14 22:55:23,,
457,1,太郎,田中,,2023-07-14 22:55:23,,
458,82,太郎,田中,,2023-07-14 22:55:23,,
459,15,太郎,田中,,2023-07-14 22:55:23,,
460,58,太郎,田中,,2023-07-14 22:55:23,,
461,75,太郎,田中,,2023-07-14 22:55:23,,
462,21,太郎,田中,,2023-07-14 22:55:23,,
463,26,太郎,田中,,2023-07-14 22:55:23,,
464,23,太郎,田中,,2023-07-14 22:55:23,,
465,98,太郎,田中,,2023-07-14 22:55:23,,
466,39,太郎,田中,,2023-07-14 22:55:23,,
467,64,太郎,田中,,2023-07-14 22:55:23,,
468,90,太郎,田中,,2023-07-14 22:55:23,,
469,16,太郎,田中,,2023-07-14 22:55:23,,
470,25,太郎,田中,,2023-07-14 22:55:23,,
471,89,太郎,田中,,2023-07-14 22:55:23,,
472,42,太郎,田中,,2023-07-14 22:55:23,,
473,73,太郎,田中,,2023-07-14 22:55:23,,
474,70,太郎,田中,,2023-07-14 22:55:23,,
475,78,太郎,田中,,2023-07-14 22:55:23,,
476,72,太郎,田中,,2023-07-14 22:55:23,,
477,64,太郎,田中,,2023-07-14 22:55:23,,
478,53,太郎,田中,,2023-07-14 22:55:23,,
479,7,太郎,田中,,2023-07-14 22:55:23,,
480,77,太郎,田中,,2023-07-14 22:55:23,,
481,71,太郎,田中,,2023-07-14 22:55:23,,
482,100,太郎,田中,,2023-07-14 22:55:23,,
483,7,太郎,田中,,2023-07-14 22:55:23,,
484,13,太郎,田中,,2023-07-14 22:55:23,,
485,88,太郎,田中,,2023-07-14 22:55:23,,
486,54,太郎,田中,,2023-07-14 22:55:23,,
487,60,太郎,田中,,2023-07-14 22:55:23,,
488,30,太郎,田中,,2023-07-14 22:55:23,,
489,85,太郎,田中,,2023-07-14 22:55:23,,
490,50,太郎,田中,,2023-07-14 22:55:23,,
491,27,太郎,田中,,2023-07-14 22:55:23,,
492,29,太郎,田中,,2023-07-14 22:55:23,,
493,68,太郎,田中,,2023-07-14 22:55:23,,
494,46,太郎,田中,,2023-07-14 22:55:23,,
495,38,太郎,田中,,2023-07-14 22:55:23,,
496,38,太郎,田中,,2023-07-14 22:55:23,,
497,32,太郎,田中,,2023-07-14 22:55:23,,
498,23,太郎,田中,,2023-07-14 22:55:23,,
499,38,太郎,田中,,2023-07-14 22:55:23,,
500,15,太郎,田中,,2023-07-14 22:55:23,,
501,58,太郎,田中,,2023-07-14 22:55:23,,
502,63,太郎,田中,,2023-07-14 22:55:23,,
503,47,太郎,田中,,2023-07-14 22:55:23,,
504,29,太郎,田中,,2023-07-14 22:55:23,,
505,85,太郎,田中,,2023-07-14 22:55:23,,
506,95,太郎,田中,,2023-07-14 22:55:23,,
507,15,太郎,田中,,2023-07-14 22:55:23,,
508,52,太郎,田中,,2023-07-14 22:55:23,,
509,50,太郎,田中,,2023-07-14 22:55:23,,
510,67,太郎,田中,,2023-07-14 22:55:23,,
511,3,太郎,田中,,2023-07-14 22:55:23,,
512,25,太郎,田中,,2023-07-14 22:55:23,,
513,25,太郎,田中,,2023-07-14 22:55:23,,
514,48,太郎,田中,,2023-07-14 22:55:23,,
515,6,太郎,田中,,2023-07-14 22:55:23,,
516,17,太郎,田中,,2023-07-14 22:55:23,,
517,55,太郎,田中,,2023-07-14 22:55:23,,
518,35,太郎,田中,,2023-07-14 22:55:23,,
519,11,太郎,田中,,2023-07-14 22:55:23,,
520,20,太郎,田中,,2023-07-14 22:55:23,,
521,88,太郎,田中,,2023-07-14 22:55:23,,
522,55,太郎,田中,,2023-07-14 22:55:23,,
523,94,太郎,田中,,2023-07-14 22:55:23,,
524,52,太郎,田中,,2023-07-14 22:55:23,,
525,59,太郎,田中,,2023-07-14 22:55:23,,
526,99,太郎,田中,,2023-07-14 22:55:23,,
527,76,太郎,田中,,2023-07-14 22:55:23,,
528,44,太郎,田中,,2023-07-14 22:55:23,,
529,50,太郎,田中,,2023-07-14 22:55:23,,
530,39,太郎,田中,,2023-07-14 22:55:23,,
531,76,太郎,田中,,2023-07-14 22:55:23,,
532,98,太郎,田中,,2023-07-14 22:55:23,,
533,29,太郎,田中,,2023-07-14 22:55:23,,
534,98,太郎,田中,,2023-07-14 22:55:23,,
535,87,太郎,田中,,2023-07-14 22:55:23,,
536,97,太郎,田中,,2023-07-14 22:55:23,,
537,55,太郎,田中,,2023-07-14 22:55:23,,
538,29,太郎,田中,,2023-07-14 22:55:23,,
539,20,太郎,田中,,2023-07-14 22:55:23,,
540,23,太郎,田中,,2023-07-14 22:55:23,,
541,70,太郎,田中,,2023-07-14 22:55:23,,
542,67,太郎,田中,,2023-07-14 22:55:23,,
543,81,太郎,田中,,2023-07-14 22:55:23,,
544,32,太郎,田中,,2023-07-14 22:55:23,,
545,84,太郎,田中,,2023-07-14 22:55:23,,
546,99,太郎,田中,,2023-07-14 22:55:23,,
547,10,太郎,田中,,2023-07-14 22:55:23,,
548,82,太郎,田中,,2023-07-14 22:55:23,,
549,65,太郎,田中,,2023-07-14 22:55:23,,
550,68,太郎,田中,,2023-07-14 22:55:23,,
551,62,太郎,田中,,2023-07-14 22:55:23,,
552,88,太郎,田中,,2023-07-14 22:55:23,,
553,24,太郎,田中,,2023-07-14 22:55:23,,
554,77,太郎,田中,,2023-07-14 22:55:23,,
555,83,太郎,田中,,2023-07-14 22:55:23,,
556,92,太郎,田中,,2023-07-14 22:55:23,,
557,40,太郎,田中,,2023-07-14 22:55:23,,
558,53,太郎,田中,,2023-07-14 22:55:23,,
559,50,太郎,田中,,2023-07-14 22:55:23,,
560,27,太郎,田中,,2023-07-14 22:55:23,,
561,79,太郎,田中,,2023-07-14 22:55:23,,
562,33,太郎,田中,,2023-07-14 22:55:23,,
563,17,太郎,田中,,2023-07-14 22:55:23,,
564,15,太郎,田中,,2023-07-14 22:55:23,,
565,43,太郎,田中,,2023-07-14 22:55:23,,
566,99,太郎,田中,,2023-07-14 22:55:23,,
567,72,太郎,田中,,2023-07-14 22:55:23,,
568,25,太郎,田中,,2023-07-14 22:55:23,,
569,37,太郎,田中,,2023-07-14 22:55:23,,
570,5,太郎,田中,,2023-07-14 22:55:23,,
571,28,太郎,田中,,2023-07-14 22:55:23,,
572,77,太郎,田中,,2023-07-14 22:55:23,,
573,27,太郎,田中,,2023-07-14 22:55:23,,
574,54,太郎,田中,,2023-07-14 22:55:23,,
575,23,太郎,田中,,2023-07-14 22:55:23,,
576,3,太郎,田中,,2023-07-14 22:55:23,,
577,82,太郎,田中,,2023-07-14 22:55:23,,
578,13,太郎,田中,,2023-07-14 22:55:23,,
579,94,太郎,田中,,2023-07-14 22:55:23,,
580,68,太郎,田中,,2023-07-14 22:55:23,,
581,78,太郎,田中,,2023-07-14 22:55:23,,
582,4,太郎,田中,,2023-07-14 22:55:23,,
583,65,太郎,田中,,2023-07-14 22:55:23,,
584,15,太郎,田中,,2023-07-14 22:55:23,,
585,17,太郎,田中,,2023-07-14 22:55:23,,
586,70,太郎,田中,,2023-07-14 22:55:23,,
587,94,太郎,田中,,2023-07-14 22:55:23,,
588,1,太郎,田中,,2023-07-14 22:55:23,,
589,19,太郎,田中,,2023-07-14 22:55:23,,
590,23,太郎,田中,,2023-07-14 22:55:23,,
591,36,太郎,田中,,2023-07-14 22:55:23,,
592,26,太郎,田中,,2023-07-14 22:55:23,,
593,33,太郎,田中,,2023-07-14 22:55:23,,
594,97,太郎,田中,,2023-07-14 22:55:23,,
595,37,太郎,田中,,2023-07-14 22:55:23,,
596,27,太郎,田中,,2023-07-14 22:55:23,,
597,96,太郎,田中,,2023-07-14 22:55:23,,
598,86,太郎,田中,,2023-07-14 22:55:23,,
599,84,太郎,田中,,2023-07-14 22:55:23,,
600,44,太郎,田中,,2023-07-14 22:55:23,,
601,47,太郎,田中,,2023-07-14 22:55:23,,
602,78,太郎,田中,,2023-07-14 22:55:23,,
603,40,太郎,田中,,2023-07-14 22:55:23,,
604,22,太郎,田中,,2023-07-14 22:55:23,,
605,20,太郎,田中,,2023-07-14 22:55:23,,
606,52,太郎,田中,,2023-07-14 22:55:23,,
607,57,太郎,田中,,2023-07-14 22:55:23,,
608,85,太郎,田中,,2023-07-14 22:55:23,,
609,83,太郎,田中,,2023-07-14 22:55:23,,
610,51,太郎,田中,,2023-07-14 22:55:23,,
611,44,太郎,田中,,2023-07-14 22:55:23,,
612,15,太郎,田中,,2023-07-14 22:55:23,,
613,3,太郎,田中,,2023-07-14 22:55:23,,
614,38,太郎,田中,,2023-07-14 22:55:23,,
615,11,太郎,田中,,2023-07-14 22:55:23,,
616,92,太郎,田中,,2023-07-14 22:55:23,,
617,89,太郎,田中,,2023-07-14 22:55:23,,
618,89,太郎,田中,,2023-07-14 22:55:23,,
619,3,太郎,田中,,2023-07-14 22:55:23,,
620,9,太郎,田中,,2023-07-14 22:55:23,,
621,53,太郎,田中,,2023-07-14 22:55:23,,
622,51,太郎,田中,,2023-07-14 22:55:23,,
623,10,太郎,田中,,2023-07-14 22:55:23,,
624,38,太郎,田中,,2023-07-14 22:55:23,,
625,87,太郎,田中,,2023-07-14 22:55:23,,
626,20,太郎,田中,,2023-07-14 22:55:23,,
627,80,太郎,田中,,2023-07-14 22:55:23,,
628,2,太郎,田中,,2023-07-14 22:55:23,,
629,79,太郎,田中,,2023-07-14 22:55:23,,
630,52,太郎,田中,,2023-07-14 22:55:23,,
631,39,太郎,田中,,2023-07-14 22:55:23,,
632,79,太郎,田中,,2023-07-14 22:55:23,,
633,15,太郎,田中,,2023-07-14 22:55:23,,
634,14,太郎,田中,,2023-07-14 22:55:23,,
635,28,太郎,田中,,2023-07-14 22:55:23,,
636,40,太郎,田中,,2023-07-14 22:55:23,,
637,26,太郎,田中,,2023-07-14 22:55:23,,
638,54,太郎,田中,,2023-07-14 22:55:23,,
639,48,太郎,田中,,2023-07-14 22:55:23,,
640,35,太郎,田中,,2023-07-14 22:55:23,,
641,18,太郎,田中,,2023-07-14 22:55:23,,
642,3,太郎,田中,,2023-07-14 22:55:23,,
643,46,太郎,田中,,2023-07-14 22:55:23,,
644,36,太郎,田中,,2023-07-14 22:55:23,,
645,68,太郎,田中,,2023-07-14 22:55:23,,
646,96,太郎,田中,,2023-07-14 22:55:23,,
647,2,太郎,田中,,2023-07-14 22:55:23,,
648,20,太郎,田中,,2023-07-14 22:55:23,,
649,72,太郎,田中,,2023-07-14 22:55:23,,
650,35,太郎,田中,,2023-07-14 22:55:23,,
651,36,太郎,田中,,2023-07-14 22:55:23,,
652,45,太郎,田中,,2023-07-14 22:55:23,,
653,99,太郎,田中,,2023-07-14 22:55:23,,
654,27,太郎,田中,,2023-07-14 22:55:23,,
655,9,太郎,田中,,2023-07-14 22:55:23,,
656,55,太郎,田中,,2023-07-14 22:55:23,,
657,63,太郎,田中,,2023-07-14 22:55:23,,
658,76,太郎,田中,,2023-07-14 22:55:23,,
659,2,太郎,田中,,2023-07-14 22:55:23,,
660,73,太郎,田中,,2023-07-14 22:55:23,,
661,4,太郎,田中,,2023-07-14 22:55:23,,
662,7,太郎,田中,,2023-07-14 22:55:23,,
663,29,太郎,田中,,2023-07-14 22:55:23,,
664,16,太郎,田中,,2023-07-14 22:55:23,,
665,58,太郎,田中,,2023-07-14 22:55:23,,
666,98,太郎,田中,,2023-07-14 22:55:23,,
667,67,太郎,田中,,2023-07-14 22:55:23,,
668,69,太郎,田中,,2023-07-14 22:55:23,,
669,23,太郎,田中,,2023-07-14 22:55:23,,
670,5,太郎,田中,,2023-07-14 22:55:23,,
671,23,太郎,田中,,2023-07-14 22:55:23,,
672,20,太郎,田中,,2023-07-14 22:55:23,,
673,32,太郎,田中,,2023-07-14 22:55:23,,
674,26,太郎,田中,,2023-07-14 22:55:23,,
675,97,太郎,田中,,2023-07-14 22:55:23,,
676,27,太郎,田中,,2023-07-14 22:55:23,,
677,14,太郎,田中,,2023-07-14 22:55:23,,
678,43,太郎,田中,,2023-07-14 22:55:23,,
679,61,太郎,田中,,2023-07-14 22:55:23,,
680,44,太郎,田中,,2023-07-14 22:55:23,,
681,41,太郎,田中,,2023-07-14 22:55:23,,
682,37,太郎,田中,,2023-07-14 22:55:23,,
683,58,太郎,田中,,2023-07-14 22:55:23,,
684,84,太郎,田中,,2023-07-14 22:55:23,,
685,87,太郎,田中,,2023-07-14 22:55:23,,
686,26,太郎,田中,,2023-07-14 22:55:23,,
687,11,太郎,田中,,2023-07-14 22:55:23,,
688,25,太郎,田中,,2023-07-14 22:55:23,,
689,52,太郎,田中,,2023-07-14 22:55:23,,
690,24,太郎,田中,,2023-07-14 22:55:23,,
691,51,太郎,田中,,2023-07-14 22:55:23,,
692,10,太郎,田中,,2023-07-14 22:55:23,,
693,70,太郎,田中,,2023-07-14 22:55:23,,
694,54,太郎,田中,,2023-07-14 22:55:23,,
695,89,太郎,田中,,2023-07-14 22:55:23,,
696,94,太郎,田中,,2023-07-14 22:55:23,,
697,78,太郎,田中,,2023-07-14 22:55:23,,
698,73,太郎,田中,,2023-07-14 22:55:23,,
699,94,太郎,田中,,2023-07-14 22:55:23,,
700,13,太郎,田中,,2023-07-14 22:55:23,,
701,23,太郎,田中,,2023-07-14 22:55:23,,
702,1,太郎,田中,,2023-07-14 22:55:23,,
703,19,太郎,田中,,2023-07-14 22:55:23,,
704,40,太郎,田中,,2023-07-14 22:55:23,,
705,73,太郎,田中,,2023-07-14 22:55:23,,
706,14,太郎,田中,,2023-07-14 22:55:23,,
707,46,太郎,田中,,2023-07-14 22:55:23,,
708,5,太郎,田中,,2023-07-14 22:55:23,,
709,16,太郎,田中,,2023-07-14 22:55:23,,
710,16,太郎,田中,,2023-07-14 22:55:23,,
711,56,太郎,田中,,2023-07-14 22:55:23,,
712,2,太郎,田中,,2023-07-14 22:55:23,,
713,81,太郎,田中,,2023-07-14 22:55:23,,
714,45,太郎,田中,,2023-07-14 22:55:23,,
715,97,太郎,田中,,2023-07-14 22:55:23,,
716,14,太郎,田中,,2023-07-14 22:55:23,,
717,28,太郎,田中,,2023-07-14 22:55:23,,
718,75,太郎,田中,,2023-07-14 22:55:23,,
719,53,太郎,田中,,2023-07-14 22:55:23,,
720,37,太郎,田中,,2023-07-14 22:55:23,,
721,57,太郎,田中,,2023-07-14 22:55:23,,
722,42,太郎,田中,,2023-07-14 22:55:23,,
723,67,太郎,田中,,2023-07-14 22:55:23,,
724,21,太郎,田中,,2023-07-14 22:55:23,,
725,41,太郎,田中,,2023-07-14 22:55:23,,
726,82,太郎,田中,,2023-07-14 22:55:23,,
727,84,太郎,田中,,2023-07-14 22:55:23,,
728,23,太郎,田中,,2023-07-14 22:55:23,,
729,87,太郎,田中,,2023-07-14 22:55:23,,
730,5,太郎,田中,,2023-07-14 22:55:23,,
731,87,太郎,田中,,2023-07-14 22:55:23,,
732,70,太郎,田中,,2023-07-14 22:55:23,,
733,41,太郎,田中,,2023-07-14 22:55:23,,
734,22,太郎,田中,,2023-07-14 22:55:23,,
735,53,太郎,田中,,2023-07-14 22:55:23,,
736,77,太郎,田中,,2023-07-14 22:55:23,,
737,89,太郎,田中,,2023-07-14 22:55:23,,
738,94,太郎,田中,,2023-07-14 22:55:23,,
739,54,太郎,田中,,2023-07-14 22:55:23,,
740,78,太郎,田中,,2023-07-14 22:55:23,,
741,31,太郎,田中,,2023-07-14 22:55:23,,
742,88,太郎,田中,,2023-07-14 22:55:23,,
743,56,太郎,田中,,2023-07-14 22:55:23,,
744,9,太郎,田中,,2023-07-14 22:55:23,,
745,69,太郎,田中,,2023-07-14 22:55:23,,
746,59,太郎,田中,,2023-07-14 22:55:23,,
747,83,太郎,田中,,2023-07-14 22:55:23,,
748,35,太郎,田中,,2023-07-14 22:55:23,,
749,37,太郎,田中,,2023-07-14 22:55:23,,
750,41,太郎,田中,,2023-07-14 22:55:23,,
751,59,太郎,田中,,2023-07-14 22:55:23,,
752,33,太郎,田中,,2023-07-14 22:55:23,,
753,58,太郎,田中,,2023-07-14 22:55:23,,
754,82,太郎,田中,,2023-07-14 22:55:23,,
755,5,太郎,田中,,2023-07-14 22:55:23,,
756,81,太郎,田中,,2023-07-14 22:55:23,,
757,58,太郎,田中,,2023-07-14 22:55:23,,
758,88,太郎,田中,,2023-07-14 22:55:23,,
759,30,太郎,田中,,2023-07-14 22:55:23,,
760,23,太郎,田中,,2023-07-14 22:55:23,,
761,55,太郎,田中,,2023-07-14 22:55:23,,
762,66,太郎,田中,,2023-07-14 22:55:23,,
763,73,太郎,田中,,2023-07-14 22:55:23,,
764,93,太郎,田中,,2023-07-14 22:55:23,,
765,80,太郎,田中,,2023-07-14 22:55:23,,
766,78,太郎,田中,,2023-07-14 22:55:23,,
767,22,太郎,田中,,2023-07-14 22:55:23,,
768,68,太郎,田中,,2023-07-14 22:55:23,,
769,65,太郎,田中,,2023-07-14 22:55:23,,
770,38,太郎,田中,,2023-07-14 22:55:23,,
771,84,太郎,田中,,2023-07-14 22:55:23,,
772,25,太郎,田中,,2023-07-14 22:55:23,,
773,65,太郎,田中,,2023-07-14 22:55:23,,
774,44,太郎,田中,,2023-07-14 22:55:23,,
775,8,太郎,田中,,2023-07-14 22:55:23,,
776,59,太郎,田中,,2023-07-14 22:55:23,,
777,87,太郎,田中,,2023-07-14 22:55:23,,
778,77,太郎,田中,,2023-07-14 22:55:23,,
779,23,太郎,田中,,2023-07-14 22:55:23,,
780,74,太郎,田中,,2023-07-14 22:55:23,,
781,86,太郎,田中,,2023-07-14 22:55:23,,
782,49,太郎,田中,,2023-07-14 22:55:23,,
783,4,太郎,田中,,2023-07-14 22:55:23,,
784,44,太郎,田中,,2023-07-14 22:55:23,,
785,5,太郎,田中,,2023-07-14 22:55:23,,
786,52,太郎,田中,,2023-07-14 22:55:23,,
787,88,太郎,田中,,2023-07-14 22:55:23,,
788,80,太郎,田中,,2023-07-14 22:55:23,,
789,69,太郎,田中,,2023-07-14 22:55:23,,
790,27,太郎,田中,,2023-07-14 22:55:23,,
791,33,太郎,田中,,2023-07-14 22:55:23,,
792,96,太郎,田中,,2023-07-14 22:55:23,,
793,85,太郎,田中,,2023-07-14 22:55:23,,
794,47,太郎,田中,,2023-07-14 22:55:23,,
795,60,太郎,田中,,2023-07-14 22:55:23,,
796,73,太郎,田中,,2023-07-14 22:55:23,,
797,50,太郎,田中,,2023-07-14 22:55:23,,
798,94,太郎,田中,,2023-07-14 22:55:23,,
799,25,太郎,田中,,2023-07-14 22:55:23,,
800,100,太郎,田中,,2023-07-14 22:55:23,,
801,72,太郎,田中,,2023-07-14 22:55:23,,
802,15,太郎,田中,,2023-07-14 22:55:23,,
803,14,太郎,田中,,2023-07-14 22:55:23,,
804,16,太郎,田中,,2023-07-14 22:55:23,,
805,72,太郎,田中,,2023-07-14 22:55:23,,
806,96,太郎,田中,,2023-07-14 22:55:23,,
807,43,太郎,田中,,2023-07-14 22:55:23,,
808,57,太郎,田中,,2023-07-14 22:55:23,,
809,58,太郎,田中,,2023-07-14 22:55:23,,
810,69,太郎,田中,,2023-07-14 22:55:23,,
811,91,太郎,田中,,2023-07-14 22:55:23,,
812,35,太郎,田中,,2023-07-14 22:55:23,,
813,82,太郎,田中,,2023-07-14 22:55:23,,
814,23,太郎,田中,,2023-07-14 22:55:23,,
815,96,太郎,田中,,2023-07-14 22:55:23,,
816,47,太郎,田中,,2023-07-14 22:55:23,,
817,38,太郎,田中,,2023-07-14 22:55:23,,
818,19,太郎,田中,,2023-07-14 22:55:23,,
819,83,太郎,田中,,2023-07-14 22:55:23,,
820,3,太郎,田中,,2023-07-14 22:55:23,,
821,90,太郎,田中,,2023-07-14 22:55:23,,
822,78,太郎,田中,,2023-07-14 22:55:23,,
823,55,太郎,田中,,2023-07-14 22:55:23,,
824,11,太郎,田中,,2023-07-14 22:55:23,,
825,11,太郎,田中,,2023-07-14 22:55:23,,
826,97,太郎,田中,,2023-07-14 22:55:23,,
827,93,太郎,田中,,2023-07-14 22:55:23,,
828,42,太郎,田中,,2023-07-14 22:55:23,,
829,6,太郎,田中,,2023-07-14 22:55:23,,
830,6,太郎,田中,,2023-07-14 22:55:23,,
831,6,太郎,田中,,2023-07-14 22:55:23,,
832,37,太郎,田中,,2023-07-14 22:55:23,,
833,55,太郎,田中,,2023-07-14 22:55:23,,
834,51,太郎,田中,,2023-07-14 22:55:23,,
835,72,太郎,田中,,2023-07-14 22:55:23,,
836,51,太郎,田中,,2023-07-14 22:55:23,,
837,76,太郎,田中,,2023-07-14 22:55:23,,
838,17,太郎,田中,,2023-07-14 22:55:23,,
839,3,太郎,田中,,2023-07-14 22:55:23,,
840,68,太郎,田中,,2023-07-14 22:55:23,,
841,7,太郎,田中,,2023-07-14 22:55:23,,
842,79,太郎,田中,,2023-07-14 22:55:23,,
843,48,太郎,田中,,2023-07-14 22:55:23,,
844,65,太郎,田中,,2023-07-14 22:55:23,,
845,68,太郎,田中,,2023-07-14 22:55:23,,
846,46,太郎,田中,,2023-07-14 22:55:23,,
847,87,太郎,田中,,2023-07-14 22:55:23,,
848,54,太郎,田中,,2023-07-14 22:55:23,,
849,29,太郎,田中,,2023-07-14 22:55:23,,
850,44,太郎,田中,,2023-07-14 22:55:23,,
851,98,太郎,田中,,2023-07-14 22:55:23,,
852,28,太郎,田中,,2023-07-14 22:55:23,,
853,84,太郎,田中,,2023-07-14 22:55:23,,
854,44,太郎,田中,,2023-07-14 22:55:23,,
855,5,太郎,田中,,2023-07-14 22:55:23,,
856,26,太郎,田中,,2023-07-14 22:55:23,,
857,21,太郎,田中,,2023-07-14 22:55:23,,
858,85,太郎,田中,,2023-07-14 22:55:23,,
859,37,太郎,田中,,2023-07-14 22:55:23,,
860,12,太郎,田中,,2023-07-14 22:55:23,,
861,10,太郎,田中,,2023-07-14 22:55:23,,
862,95,太郎,田中,,2023-07-14 22:55:23,,
863,34,太郎,田中,,2023-07-14 22:55:23,,
864,69,太郎,田中,,2023-07-14 22:55:23,,
865,28,太郎,田中,,2023-07-14 22:55:23,,
866,28,太郎,田中,,2023-07-14 22:55:23,,
867,5,太郎,田中,,2023-07-14 22:55:23,,
868,18,太郎,田中,,2023-07-14 22:55:23,,
869,11,太郎,田中,,2023-07-14 22:55:23,,
870,98,太郎,田中,,2023-07-14 22:55:23,,
871,93,太郎,田中,,2023-07-14 22:55:23,,
872,4,太郎,田中,,2023-07-14 22:55:23,,
873,49,太郎,田中,,2023-07-14 22:55:23,,
874,48,太郎,田中,,2023-07-14 22:55:23,,
875,87,太郎,田中,,2023-07-14 22:55:23,,
876,51,太郎,田中,,2023-07-14 22:55:23,,
877,49,太郎,田中,,2023-07-14 22:55:23,,
878,57,太郎,田中,,2023-07-14 22:55:23,,
879,9,太郎,田中,,2023-07-14 22:55:23,,
880,23,太郎,田中,,2023-07-14 22:55:23,,
881,47,太郎,田中,,2023-07-14 22:55:23,,
882,35,太郎,田中,,2023-07-14 22:55:23,,
883,11,太郎,田中,,2023-07-14 22:55:23,,
884,54,太郎,田中,,2023-07-14 22:55:23,,
885,77,太郎,田中,,2023-07-14 22:55:23,,
886,74,太郎,田中,,2023-07-14 22:55:23,,
887,57,太郎,田中,,2023-07-14 22:55:23,,
888,30,太郎,田中,,2023-07-14 22:55:23,,
889,9,太郎,田中,,2023-07-14 22:55:23,,
890,87,太郎,田中,,2023-07-14 22:55:23,,
891,81,太郎,田中,,2023-07-14 22:55:23,,
892,27,太郎,田中,,2023-07-14 22:55:23,,
893,24,太郎,田中,,2023-07-14 22:55:23,,
894,35,太郎,田中,,2023-07-14 22:55:23,,
895,94,太郎,田中,,2023-07-14 22:55:23,,
896,79,太郎,田中,,2023-07-14 22:55:23,,
897,14,太郎,田中,,2023-07-14 22:55:23,,
898,2,太郎,田中,,2023-07-14 22:55:23,,
899,59,太郎,田中,,2023-07-14 22:55:23,,
900,89,太郎,田中,,2023-07-14 22:55:23,,
901,97,太郎,田中,,2023-07-14 22:55:23,,
902,31,太郎,田中,,2023-07-14 22:55:23,,
903,63,太郎,田中,,2023-07-14 22:55:23,,
904,21,太郎,田中,,2023-07-14 22:55:23,,
905,100,太郎,田中,,2023-07-14 22:55:23,,
906,62,太郎,田中,,2023-07-14 22:55:23,,
907,4,太郎,田中,,2023-07-14 22:55:23,,
908,42,太郎,田中,,2023-07-14 22:55:23,,
909,48,太郎,田中,,2023-07-14 22:55:23,,
910,62,太郎,田中,,2023-07-14 22:55:23,,
911,32,太郎,田中,,2023-07-14 22:55:23,,
912,91,太郎,田中,,2023-07-14 22:55:23,,
913,54,太郎,田中,,2023-07-14 22:55:23,,
914,30,太郎,田中,,2023-07-14 22:55:23,,
915,19,太郎,田中,,2023-07-14 22:55:23,,
916,50,太郎,田中,,2023-07-14 22:55:23,,
917,84,太郎,田中,,2023-07-14 22:55:23,,
918,9,太郎,田中,,2023-07-14 22:55:23,,
919,87,太郎,田中,,2023-07-14 22:55:23,,
920,6,太郎,田中,,2023-07-14 22:55:23,,
921,48,太郎,田中,,2023-07-14 22:55:23,,
922,96,太郎,田中,,2023-07-14 22:55:23,,
923,73,太郎,田中,,2023-07-14 22:55:23,,
924,48,太郎,田中,,2023-07-14 22:55:23,,
925,25,太郎,田中,,2023-07-14 22:55:23,,
926,74,太郎,田中,,2023-07-14 22:55:23,,
927,13,太郎,田中,,2023-07-14 22:55:23,,
928,48,太郎,田中,,2023-07-14 22:55:23,,
929,93,太郎,田中,,2023-07-14 22:55:23,,
930,43,太郎,田中,,2023-07-14 22:55:23,,
931,100,太郎,田中,,2023-07-14 22:55:23,,
932,27,太郎,田中,,2023-07-14 22:55:23,,
933,36,太郎,田中,,2023-07-14 22:55:23,,
934,21,太郎,田中,,2023-07-14 22:55:23,,
935,11,太郎,田中,,2023-07-14 22:55:23,,
936,52,太郎,田中,,2023-07-14 22:55:23,,
937,12,太郎,田中,,2023-07-14 22:55:23,,
938,31,太郎,田中,,2023-07-14 22:55:23,,
939,89,太郎,田中,,2023-07-14 22:55:23,,
940,88,太郎,田中,,2023-07-14 22:55:23,,
941,79,太郎,田中,,2023-07-14 22:55:23,,
942,75,太郎,田中,,2023-07-14 22:55:23,,
943,50,太郎,田中,,2023-07-14 22:55:23,,
944,36,太郎,田中,,2023-07-14 22:55:23,,
945,21,太郎,田中,,2023-07-14 22:55:23,,
946,1,太郎,田中,,2023-07-14 22:55:23,,
947,14,太郎,田中,,2023-07-14 22:55:23,,
948,37,太郎,田中,,2023-07-14 22:55:23,,
949,69,太郎,田中,,2023-07-14 22:55:23,,
950,51,太郎,田中,,2023-07-14 22:55:23,,
951,44,太郎,田中,,2023-07-14 22:55:23,,
952,27,太郎,田中,,2023-07-14 22:55:23,,
953,84,太郎,田中,,2023-07-14 22:55:23,,
954,61,太郎,田中,,2023-07-14 22:55:23,,
955,75,太郎,田中,,2023-07-14 22:55:23,,
956,59,太郎,田中,,2023-07-14 22:55:23,,
957,40,太郎,田中,,2023-07-14 22:55:23,,
958,35,太郎,田中,,2023-07-14 22:55:23,,
959,4,太郎,田中,,2023-07-14 22:55:23,,
960,74,太郎,田中,,2023-07-14 22:55:23,,
961,87,太郎,田中,,2023-07-14 22:55:23,,
962,9,太郎,田中,,2023-07-14 22:55:23,,
963,46,太郎,田中,,2023-07-14 22:55:23,,
964,31,太郎,田中,,2023-07-14 22:55:23,,
965,28,太郎,田中,,2023-07-14 22:55:23,,
966,20,太郎,田中,,2023-07-14 22:55:23,,
967,8,太郎,田中,,2023-07-14 22:55:23,,
968,64,太郎,田中,,2023-07-14 22:55:23,,
969,35,太郎,田中,,2023-07-14 22:55:23,,
970,86,太郎,田中,,2023-07-14 22:55:23,,
971,45,太郎,田中,,2023-07-14 22:55:23,,
972,17,太郎,田中,,2023-07-14 22:55:23,,
973,49,太郎,田中,,2023-07-14 22:55:23,,
974,85,太郎,田中,,2023-07-14 22:55:23,,
975,90,太郎,田中,,2023-07-14 22:55:23,,
976,64,太郎,田中,,2023-07-14 22:55:23,,
977,70,太郎,田中,,2023-07-14 22:55:23,,
978,86,太郎,田中,,2023-07-14 22:55:23,,
979,81,太郎,田中,,2023-07-14 22:55:23,,
980,80,太郎,田中,,2023-07-14 22:55:23,,
981,33,太郎,田中,,2023-07-14 22:55:23,,
982,65,太郎,田中,,2023-07-14 22:55:23,,
983,38,太郎,田中,,2023-07-14 22:55:23,,
984,70,太郎,田中,,2023-07-14 22:55:23,,
985,67,太郎,田中,,2023-07-14 22:55:23,,
986,51,太郎,田中,,2023-07-14 22:55:23,,
987,45,太郎,田中,,2023-07-14 22:55:23,,
988,4,太郎,田中,,2023-07-14 22:55:23,,
989,15,太郎,田中,,2023-07-14 22:55:23,,
990,44,太郎,田中,,2023-07-14 22:55:23,,
991,41,太郎,田中,,2023-07-14 22:55:23,,
992,22,太郎,田中,,2023-07-14 22:55:23,,
993,63,太郎,田中,,2023-07-14 22:55:23,,
994,32,太郎,田中,,2023-07-14 22:55:23,,
995,33,太郎,田中,,2023-07-14 22:55:23,,
996,94,太郎,田中,,2023-07-14 22:55:23,,
997,21,太郎,田中,,2023-07-14 22:55:23,,
998,83,太郎,田中,,2023-07-14 22:55:23,,
999,56,太郎,田中,,2023-07-14 22:55:23,,
1000,30,太郎,田中,,2023-07-14 22:55:23,,
1001,5,太郎,田中,,2023-07-14 22:55:23,,
1002,4,太郎,田中,,2023-07-14 22:55:23,,
1003,36,太郎,田中,,2023-07-14 22:55:23,,
1004,25,太郎,田中,,2023-07-14 22:55:23,,
1005,90,太郎,田中,,2023-07-14 22:55:23,,
1006,44,太郎,田中,,2023-07-14 22:55:23,,
1007,49,太郎,田中,,2023-07-14 22:55:23,,
1008,18,太郎,田中,,2023-07-14 22:55:23,,
1009,44,太郎,田中,,2023-07-14 22:55:23,,
1010,45,太郎,田中,,2023-07-14 22:55:23,,
1011,29,太郎,田中,,2023-07-14 22:55:23,,
1012,24,太郎,田中,,2023-07-14 22:55:23,,
1013,15,太郎,田中,,2023-07-14 22:55:23,,
1014,94,太郎,田中,,2023-07-14 22:55:23,,
1015,56,太郎,田中,,2023-07-14 22:55:23,,
1016,59,太郎,田中,,2023-07-14 22:55:23,,
1017,97,太郎,田中,,2023-07-14 22:55:23,,
1018,38,太郎,田中,,2023-07-14 22:55:23,,
1019,44,太郎,田中,,2023-07-14 22:55:23,,
1020,38,太郎,田中,,2023-07-14 22:55:23,,
1021,3,太郎,田中,,2023-07-14 22:55:23,,
1022,85,太郎,田中,,2023-07-14 22:55:23,,
1023,59,太郎,田中,,2023-07-14 22:55:23,,
1024,96,太郎,田中,,2023-07-14 22:55:23,,
1025,62,太郎,田中,,2023-07-14 22:55:23,,
1026,44,太郎,田中,,2023-07-14 22:55:23,,
1027,3,太郎,田中,,2023-07-14 22:55:23,,
1028,98,太郎,田中,,2023-07-14 22:55:23,,
1029,82,太郎,田中,,2023-07-14 22:55:23,,
1030,56,太郎,田中,,2023-07-14 22:55:23,,
1031,63,太郎,田中,,2023-07-14 22:55:23,,
1032,43,太郎,田中,,2023-07-14 22:55:23,,
1033,54,太郎,田中,,2023-07-14 22:55:23,,
1034,57,太郎,田中,,2023-07-14 22:55:23,,
1035,53,太郎,田中,,2023-07-14 22:55:23,,
1036,98,太郎,田中,,2023-07-14 22:55:23,,
1037,6,太郎,田中,,2023-07-14 22:55:23,,
1038,87,太郎,田中,,2023-07-14 22:55:23,,
1039,50,太郎,田中,,2023-07-14 22:55:23,,
1040,12,太郎,田中,,2023-07-14 22:55:23,,
1041,98,太郎,田中,,2023-07-14 22:55:23,,
1042,42,太郎,田中,,2023-07-14 22:55:23,,
1043,36,太郎,田中,,2023-07-14 22:55:23,,
1044,40,太郎,田中,,2023-07-14 22:55:23,,
1045,31,太郎,田中,,2023-07-14 22:55:23,,
1046,11,太郎,田中,,2023-07-14 22:55:23,,
1047,5,太郎,田中,,2023-07-14 22:55:23,,
1048,33,太郎,田中,,2023-07-14 22:55:23,,
1049,97,太郎,田中,,2023-07-14 22:55:23,,
1050,14,太郎,田中,,2023-07-14 22:55:23,,
1051,67,太郎,田中,,2023-07-14 22:55:23,,
1052,13,太郎,田中,,2023-07-14 22:55:23,,
1053,78,太郎,田中,,2023-07-14 22:55:23,,
1054,75,太郎,田中,,2023-07-14 22:55:23,,
1055,67,太郎,田中,,2023-07-14 22:55:23,,
1056,38,太郎,田中,,2023-07-14 22:55:23,,
1057,56,太郎,田中,,2023-07-14 22:55:23,,
1058,17,太郎,田中,,2023-07-14 22:55:23,,
1059,14,太郎,田中,,2023-07-14 22:55:23,,
1060,22,太郎,田中,,2023-07-14 22:55:23,,
1061,90,太郎,田中,,2023-07-14 22:55:23,,
1062,81,太郎,田中,,2023-07-14 22:55:23,,
1063,52,太郎,田中,,2023-07-14 22:55:23,,
1064,35,太郎,田中,,2023-07-14 22:55:23,,
1065,46,太郎,田中,,2023-07-14 22:55:23,,
1066,88,太郎,田中,,2023-07-14 22:55:23,,
1067,10,太郎,田中,,2023-07-14 22:55:23,,
1068,57,太郎,田中,,2023-07-14 22:55:23,,
1069,49,太郎,田中,,2023-07-14 22:55:23,,
1070,64,太郎,田中,,2023-07-14 22:55:23,,
1071,32,太郎,田中,,2023-07-14 22:55:23,,
1072,96,太郎,田中,,2023-07-14 22:55:23,,
1073,17,太郎,田中,,2023-07-14 22:55:23,,
1074,46,太郎,田中,,2023-07-14 22:55:23,,
1075,27,太郎,田中,,2023-07-14 22:55:23,,
1076,100,太郎,田中,,2023-07-14 22:55:23,,
1077,29,太郎,田中,,2023-07-14 22:55:23,,
1078,88,太郎,田中,,2023-07-14 22:55:23,,
1079,78,太郎,田中,,2023-07-14 22:55:23,,
1080,36,太郎,田中,,2023-07-14 22:55:23,,
1081,12,太郎,田中,,2023-07-14 22:55:23,,
1082,25,太郎,田中,,2023-07-14 22:55:23,,
1083,1,太郎,田中,,2023-07-14 22:55:23,,
1084,88,太郎,田中,,2023-07-14 22:55:23,,
1085,75,太郎,田中,,2023-07-14 22:55:23,,
1086,68,太郎,田中,,2023-07-14 22:55:23,,
1087,8,太郎,田中,,2023-07-14 22:55:23,,
1088,51,太郎,田中,,2023-07-14 22:55:23,,
1089,29,太郎,田中,,2023-07-14 22:55:23,,
1090,30,太郎,田中,,2023-07-14 22:55:23,,
1091,83,太郎,田中,,2023-07-14 22:55:23,,
1092,83,太郎,田中,,2023-07-14 22:55:23,,
1093,58,太郎,田中,,2023-07-14 22:55:23,,
1094,34,太郎,田中,,2023-07-14 22:55:23,,
1095,83,太郎,田中,,2023-07-14 22:55:23,,
1096,40,太郎,田中,,2023-07-14 22:55:23,,
1097,38,太郎,田中,,2023-07-14 22:55:23,,
1098,12,太郎,田中,,2023-07-14 22:55:23,,
1099,62,太郎,田中,,2023-07-14 22:55:23,,
1100,29,太郎,田中,,2023-07-14 22:55:23,,
1101,29,太郎,田中,,2023-07-14 22:55:23,,
1102,13,太郎,田中,,2023-07-14 22:55:23,,
1103,53,太郎,田中,,2023-07-14 22:55:23,,
1104,38,太郎,田中,,2023-07-14 22:55:23,,
1105,59,太郎,田中,,2023-07-14 22:55:23,,
1106,71,太郎,田中,,2023-07-14 22:55:23,,
1107,74,太郎,田中,,2023-07-14 22:55:23,,
1108,83,太郎,田中,,2023-07-14 22:55:23,,
1109,74,太郎,田中,,2023-07-14 22:55:23,,
1110,94,太郎,田中,,2023-07-14 22:55:23,,
1111,42,太郎,田中,,2023-07-14 22:55:23,,
1112,35,太郎,田中,,2023-07-14 22:55:23,,
1113,35,太郎,田中,,2023-07-14 22:55:23,,
1114,32,太郎,田中,,2023-07-14 22:55:23,,
1115,5,太郎,田中,,2023-07-14 22:55:23,,
1116,55,太郎,田中,,2023-07-14 22:55:23,,
1117,55,太郎,田中,,2023-07-14 22:55:23,,
1118,82,太郎,田中,,2023-07-14 22:55:23,,
1119,19,太郎,田中,,2023-07-14 22:55:23,,
1120,47,太郎,田中,,2023-07-14 22:55:23,,
1121,79,太郎,田中,,2023-07-14 22:55:23,,
1122,64,太郎,田中,,2023-07-14 22:55:23,,
1123,45,太郎,田中,,2023-07-14 22:55:23,,
1124,1,太郎,田中,,2023-07-14 22:55:23,,
1125,80,太郎,田中,,2023-07-14 22:55:23,,
1126,81,太郎,田中,,2023-07-14 22:55:23,,
1127,11,太郎,田中,,2023-07-14 22:55:23,,
1128,69,太郎,田中,,2023-07-14 22:55:23,,
1129,71,太郎,田中,,2023-07-14 22:55:23,,
1130,37,太郎,田中,,2023-07-14 22:55:23,,
1131,49,太郎,田中,,2023-07-14 22:55:23,,
1132,39,太郎,田中,,2023-07-14 22:55:23,,
1133,31,太郎,田中,,2023-07-14 22:55:23,,
1134,48,太郎,田中,,2023-07-14 22:55:23,,
1135,34,太郎,田中,,2023-07-14 22:55:23,,
1136,37,太郎,田中,,2023-07-14 22:55:23,,
1137,21,太郎,田中,,2023-07-14 22:55:23,,
1138,23,太郎,田中,,2023-07-14 22:55:23,,
1139,22,太郎,田中,,2023-07-14 22:55:23,,
1140,96,太郎,田中,,2023-07-14 22:55:23,,
1141,55,太郎,田中,,2023-07-14 22:55:23,,
1142,14,太郎,田中,,2023-07-14 22:55:23,,
1143,58,太郎,田中,,2023-07-14 22:55:23,,
1144,61,太郎,田中,,2023-07-14 22:55:23,,
1145,54,太郎,田中,,2023-07-14 22:55:23,,
1146,3,太郎,田中,,2023-07-14 22:55:23,,
1147,18,太郎,田中,,2023-07-14 22:55:23,,
1148,3,太郎,田中,,2023-07-14 22:55:23,,
1149,94,太郎,田中,,2023-07-14 22:55:23,,
1150,54,太郎,田中,,2023-07-14 22:55:23,,
1151,38,太郎,田中,,2023-07-14 22:55:23,,
1152,19,太郎,田中,,2023-07-14 22:55:23,,
1153,53,太郎,田中,,2023-07-14 22:55:23,,
1154,23,太郎,田中,,2023-07-14 22:55:23,,
1155,41,太郎,田中,,2023-07-14 22:55:23,,
1156,86,太郎,田中,,2023-07-14 22:55:23,,
1157,100,太郎,田中,,2023-07-14 22:55:23,,
1158,64,太郎,田中,,2023-07-14 22:55:23,,
1159,62,太郎,田中,,2023-07-14 22:55:23,,
1160,16,太郎,田中,,2023-07-14 22:55:23,,
1161,73,太郎,田中,,2023-07-14 22:55:23,,
1162,15,太郎,田中,,2023-07-14 22:55:23,,
1163,67,太郎,田中,,2023-07-14 22:55:23,,
1164,33,太郎,田中,,2023-07-14 22:55:23,,
1165,75,太郎,田中,,2023-07-14 22:55:23,,
1166,74,太郎,田中,,2023-07-14 22:55:23,,
1167,8,太郎,田中,,2023-07-14 22:55:23,,
1168,57,太郎,田中,,2023-07-14 22:55:23,,
1169,35,太郎,田中,,2023-07-14 22:55:23,,
1170,86,太郎,田中,,2023-07-14 22:55:23,,
1171,38,太郎,田中,,2023-07-14 22:55:23,,
1172,31,太郎,田中,,2023-07-14 22:55:23,,
1173,22,太郎,田中,,2023-07-14 22:55:23,,
1174,99,太郎,田中,,2023-07-14 22:55:23,,
1175,21,太郎,田中,,2023-07-14 22:55:23,,
1176,78,太郎,田中,,2023-07-14 22:55:23,,
1177,27,太郎,田中,,2023-07-14 22:55:23,,
1178,21,太郎,田中,,2023-07-14 22:55:23,,
1179,92,太郎,田中,,2023-07-14 22:55:23,,
1180,96,太郎,田中,,2023-07-14 22:55:23,,
1181,98,太郎,田中,,2023-07-14 22:55:23,,
1182,17,太郎,田中,,2023-07-14 22:55:23,,
1183,22,太郎,田中,,2023-07-14 22:55:23,,
1184,42,太郎,田中,,2023-07-14 22:55:23,,
1185,96,太郎,田中,,2023-07-14 22:55:23,,
1186,72,太郎,田中,,2023-07-14 22:55:23,,
1187,34,太郎,田中,,2023-07-14 22:55:23,,
1188,53,太郎,田中,,2023-07-14 22:55:23,,
1189,9,太郎,田中,,2023-07-14 22:55:23,,
1190,10,太郎,田中,,2023-07-14 22:55:23,,
1191,39,太郎,田中,,2023-07-14 22:55:23,,
1192,87,太郎,田中,,2023-07-14 22:55:23,,
1193,6,太郎,田中,,2023-07-14 22:55:23,,
1194,20,太郎,田中,,2023-07-14 22:55:23,,
1195,62,太郎,田中,,2023-07-14 22:55:23,,
1196,22,太郎,田中,,2023-07-14 22:55:23,,
1197,88,太郎,田中,,2023-07-14 22:55:23,,
1198,25,太郎,田中,,2023-07-14 22:55:23,,
1199,16,太郎,田中,,2023-07-14 22:55:23,,
1200,87,太郎,田中,,2023-07-14 22:55:23,,
1201,82,太郎,田中,,2023-07-14 22:55:23,,
1202,25,太郎,田中,,2023-07-14 22:55:23,,
1203,88,太郎,田中,,2023-07-14 22:55:23,,
1204,35,太郎,田中,,2023-07-14 22:55:23,,
1205,38,太郎,田中,,2023-07-14 22:55:23,,
1206,35,太郎,田中,,2023-07-14 22:55:23,,
1207,23,太郎,田中,,2023-07-14 22:55:23,,
1208,72,太郎,田中,,2023-07-14 22:55:23,,
1209,78,太郎,田中,,2023-07-14 22:55:23,,
1210,22,太郎,田中,,2023-07-14 22:55:23,,
1211,44,太郎,田中,,2023-07-14 22:55:23,,
1212,84,太郎,田中,,2023-07-14 22:55:23,,
1213,42,太郎,田中,,2023-07-14 22:55:23,,
1214,100,太郎,田中,,2023-07-14 22:55:23,,
1215,93,太郎,田中,,2023-07-14 22:55:23,,
1216,93,太郎,田中,,2023-07-14 22:55:23,,
1217,35,太郎,田中,,2023-07-14 22:55:23,,
1218,11,太郎,田中,,2023-07-14 22:55:23,,
1219,45,太郎,田中,,2023-07-14 22:55:23,,
1220,59,太郎,田中,,2023-07-14 22:55:23,,
1221,66,太郎,田中,,2023-07-14 22:55:23,,
1222,63,太郎,田中,,2023-07-14 22:55:23,,
1223,50,太郎,田中,,2023-07-14 22:55:23,,
1224,52,太郎,田中,,2023-07-14 22:55:23,,
1225,17,太郎,田中,,2023-07-14 22:55:23,,
1226,42,太郎,田中,,2023-07-14 22:55:23,,
1227,46,太郎,田中,,2023-07-14 22:55:23,,
1228,51,太郎,田中,,2023-07-14 22:55:23,,
1229,8,太郎,田中,,2023-07-14 22:55:23,,
1230,33,太郎,田中,,2023-07-14 22:55:23,,
1231,8,太郎,田中,,2023-07-14 22:55:23,,
1232,30,太郎,田中,,2023-07-14 22:55:23,,
1233,38,太郎,田中,,2023-07-14 22:55:23,,
1234,20,太郎,田中,,2023-07-14 22:55:23,,
1235,39,太郎,田中,,2023-07-14 22:55:23,,
1236,18,太郎,田中,,2023-07-14 22:55:23,,
1237,67,太郎,田中,,2023-07-14 22:55:23,,
1238,40,太郎,田中,,2023-07-14 22:55:23,,
1239,50,太郎,田中,,2023-07-14 22:55:23,,
1240,70,太郎,田中,,2023-07-14 22:55:23,,
1241,28,太郎,田中,,2023-07-14 22:55:23,,
1242,60,太郎,田中,,2023-07-14 22:55:23,,
1243,45,太郎,田中,,2023-07-14 22:55:23,,
1244,33,太郎,田中,,2023-07-14 22:55:23,,
1245,34,太郎,田中,,2023-07-14 22:55:23,,
1246,60,太郎,田中,,2023-07-14 22:55:23,,
1247,14,太郎,田中,,2023-07-14 22:55:23,,
1248,1,太郎,田中,,2023-07-14 22:55:23,,
1249,87,太郎,田中,,2023-07-14 22:55:23,,
1250,64,太郎,田中,,2023-07-14 22:55:23,,
1251,14,太郎,田中,,2023-07-14 22:55:23,,
1252,70,太郎,田中,,2023-07-14 22:55:23,,
1253,42,太郎,田中,,2023-07-14 22:55:23,,
1254,46,太郎,田中,,2023-07-14 22:55:23,,
1255,60,太郎,田中,,2023-07-14 22:55:23,,
1256,30,太郎,田中,,2023-07-14 22:55:23,,
1257,31,太郎,田中,,2023-07-14 22:55:23,,
1258,18,太郎,田中,,2023-07-14 22:55:23,,
1259,46,太郎,田中,,2023-07-14 22:55:23,,
1260,97,太郎,田中,,2023-07-14 22:55:23,,
1261,13,太郎,田中,,2023-07-14 22:55:23,,
1262,18,太郎,田中,,2023-07-14 22:55:23,,
1263,83,太郎,田中,,2023-07-14 22:55:23,,
1264,11,太郎,田中,,2023-07-14 22:55:23,,
1265,39,太郎,田中,,2023-07-14 22:55:23,,
1266,22,太郎,田中,,2023-07-14 22:55:23,,
1267,80,太郎,田中,,2023-07-14 22:55:23,,
1268,72,太郎,田中,,2023-07-14 22:55:23,,
1269,81,太郎,田中,,2023-07-14 22:55:23,,
1270,87,太郎,田中,,2023-07-14 22:55:23,,
1271,92,太郎,田中,,2023-07-14 22:55:23,,
1272,80,太郎,田中,,2023-07-14 22:55:23,,
1273,34,太郎,田中,,2023-07-14 22:55:23,,
1274,90,太郎,田中,,2023-07-14 22:55:23,,
1275,20,太郎,田中,,2023-07-14 22:55:23,,
1276,82,太郎,田中,,2023-07-14 22:55:23,,
1277,7,太郎,田中,,2023-07-14 22:55:23,,
1278,32,太郎,田中,,2023-07-14 22:55:23,,
1279,84,太郎,田中,,2023-07-14 22:55:23,,
1280,20,太郎,田中,,2023-07-14 22:55:23,,
1281,81,太郎,田中,,2023-07-14 22:55:23,,
1282,100,太郎,田中,,2023-07-14 22:55:23,,
1283,93,太郎,田中,,2023-07-14 22:55:23,,
1284,46,太郎,田中,,2023-07-14 22:55:23,,
1285,94,太郎,田中,,2023-07-14 22:55:23,,
1286,44,太郎,田中,,2023-07-14 22:55:23,,
1287,71,太郎,田中,,2023-07-14 22:55:23,,
1288,87,太郎,田中,,2023-07-14 22:55:23,,
1289,61,太郎,田中,,2023-07-14 22:55:23,,
1290,76,太郎,田中,,2023-07-14 22:55:23,,
1291,70,太郎,田中,,2023-07-14 22:55:23,,
1292,84,太郎,田中,,2023-07-14 22:55:23,,
1293,68,太郎,田中,,2023-07-14 22:55:23,,
1294,100,太郎,田中,,2023-07-14 22:55:23,,
1295,45,太郎,田中,,2023-07-14 22:55:23,,
1296,11,太郎,田中,,2023-07-14 22:55:23,,
1297,74,太郎,田中,,2023-07-14 22:55:23,,
1298,29,太郎,田中,,2023-07-14 22:55:23,,
1299,76,太郎,田中,,2023-07-14 22:55:23,,
1300,30,太郎,田中,,2023-07-14 22:55:23,,
1301,94,太郎,田中,,2023-07-14 22:55:23,,
1302,49,太郎,田中,,2023-07-14 22:55:23,,
1303,89,太郎,田中,,2023-07-14 22:55:23,,
1304,60,太郎,田中,,2023-07-14 22:55:23,,
1305,73,太郎,田中,,2023-07-14 22:55:23,,
1306,82,太郎,田中,,2023-07-14 22:55:23,,
1307,82,太郎,田中,,2023-07-14 22:55:23,,
1308,30,太郎,田中,,2023-07-14 22:55:23,,
1309,30,太郎,田中,,2023-07-14 22:55:23,,
1310,9,太郎,田中,,2023-07-14 22:55:23,,
1311,61,太郎,田中,,2023-07-14 22:55:23,,
1312,27,太郎,田中,,2023-07-14 22:55:23,,
1313,21,太郎,田中,,2023-07-14 22:55:23,,
1314,76,太郎,田中,,2023-07-14 22:55:23,,
1315,55,太郎,田中,,2023-07-14 22:55:23,,
1316,58,太郎,田中,,2023-07-14 22:55:23,,
1317,56,太郎,田中,,2023-07-14 22:55:23,,
1318,12,太郎,田中,,2023-07-14 22:55:23,,
1319,26,太郎,田中,,2023-07-14 22:55:23,,
1320,70,太郎,田中,,2023-07-14 22:55:23,,
1321,44,太郎,田中,,2023-07-14 22:55:23,,
1322,14,太郎,田中,,2023-07-14 22:55:23,,
1323,2,太郎,田中,,2023-07-14 22:55:23,,
1324,33,太郎,田中,,2023-07-14 22:55:23,,
1325,7,太郎,田中,,2023-07-14 22:55:23,,
1326,44,太郎,田中,,2023-07-14 22:55:23,,
1327,93,太郎,田中,,2023-07-14 22:55:23,,
1328,33,太郎,田中,,2023-07-14 22:55:23,,
1329,6,太郎,田中,,2023-07-14 22:55:23,,
1330,97,太郎,田中,,2023-07-14 22:55:23,,
1331,43,太郎,田中,,2023-07-14 22:55:23,,
1332,34,太郎,田中,,2023-07-14 22:55:23,,
1333,18,太郎,田中,,2023-07-14 22:55:23,,
1334,72,太郎,田中,,2023-07-14 22:55:23,,
1335,94,太郎,田中,,2023-07-14 22:55:23,,
1336,10,太郎,田中,,2023-07-14 22:55:23,,
1337,32,太郎,田中,,2023-07-14 22:55:23,,
1338,61,太郎,田中,,2023-07-14 22:55:23,,
1339,91,太郎,田中,,2023-07-14 22:55:23,,
1340,37,太郎,田中,,2023-07-14 22:55:23,,
1341,53,太郎,田中,,2023-07-14 22:55:23,,
1342,42,太郎,田中,,2023-07-14 22:55:23,,
1343,11,太郎,田中,,2023-07-14 22:55:23,,
1344,44,太郎,田中,,2023-07-14 22:55:23,,
1345,62,太郎,田中,,2023-07-14 22:55:23,,
1346,5,太郎,田中,,2023-07-14 22:55:23,,
1347,33,太郎,田中,,2023-07-14 22:55:23,,
1348,24,太郎,田中,,2023-07-14 22:55:23,,
1349,65,太郎,田中,,2023-07-14 22:55:23,,
1350,8,太郎,田中,,2023-07-14 22:55:23,,
1351,37,太郎,田中,,2023-07-14 22:55:23,,
1352,60,太郎,田中,,2023-07-14 22:55:23,,
1353,1,太郎,田中,,2023-07-14 22:55:23,,
1354,97,太郎,田中,,2023-07-14 22:55:23,,
1355,21,太郎,田中,,2023-07-14 22:55:23,,
1356,30,太郎,田中,,2023-07-14 22:55:23,,
1357,34,太郎,田中,,2023-07-14 22:55:23,,
1358,22,太郎,田中,,2023-07-14 22:55:23,,
1359,27,太郎,田中,,2023-07-14 22:55:23,,
1360,81,太郎,田中,,2023-07-14 22:55:23,,
1361,9,太郎,田中,,2023-07-14 22:55:23,,
1362,71,太郎,田中,,2023-07-14 22:55:23,,
1363,46,太郎,田中,,2023-07-14 22:55:23,,
1364,44,太郎,田中,,2023-07-14 22:55:23,,
1365,50,太郎,田中,,2023-07-14 22:55:23,,
1366,69,太郎,田中,,2023-07-14 22:55:23,,
1367,65,太郎,田中,,2023-07-14 22:55:23,,
1368,87,太郎,田中,,2023-07-14 22:55:23,,
1369,39,太郎,田中,,2023-07-14 22:55:23,,
1370,64,太郎,田中,,2023-07-14 22:55:23,,
1371,34,太郎,田中,,2023-07-14 22:55:23,,
1372,62,太郎,田中,,2023-07-14 22:55:23,,
1373,63,太郎,田中,,2023-07-14 22:55:23,,
1374,70,太郎,田中,,2023-07-14 22:55:23,,
1375,75,太郎,田中,,2023-07-14 22:55:23,,
1376,89,太郎,田中,,2023-07-14 22:55:23,,
1377,17,太郎,田中,,2023-07-14 22:55:23,,
1378,50,太郎,田中,,2023-07-14 22:55:23,,
1379,82,太郎,田中,,2023-07-14 22:55:23,,
1380,74,太郎,田中,,2023-07-14 22:55:23,,
1381,4,太郎,田中,,2023-07-14 22:55:23,,
1382,58,太郎,田中,,2023-07-14 22:55:23,,
1383,38,太郎,田中,,2023-07-14 22:55:23,,
1384,50,太郎,田中,,2023-07-14 22:55:23,,
1385,27,太郎,田中,,2023-07-14 22:55:23,,
1386,81,太郎,田中,,2023-07-14 22:55:23,,
1387,47,太郎,田中,,2023-07-14 22:55:23,,
1388,21,太郎,田中,,2023-07-14 22:55:23,,
1389,46,太郎,田中,,2023-07-14 22:55:23,,
1390,3,太郎,田中,,2023-07-14 22:55:23,,
1391,82,太郎,田中,,2023-07-14 22:55:23,,
1392,78,太郎,田中,,2023-07-14 22:55:23,,
1393,41,太郎,田中,,2023-07-14 22:55:23,,
1394,37,太郎,田中,,2023-07-14 22:55:23,,
1395,29,太郎,田中,,2023-07-14 22:55:23,,
1396,58,太郎,田中,,2023-07-14 22:55:23,,
1397,77,太郎,田中,,2023-07-14 22:55:23,,
1398,46,太郎,田中,,2023-07-14 22:55:23,,
1399,82,太郎,田中,,2023-07-14 22:55:23,,
1400,47,太郎,田中,,2023-07-14 22:55:23,,
1401,8,太郎,田中,,2023-07-14 22:55:23,,
1402,30,太郎,田中,,2023-07-14 22:55:23,,
1403,29,太郎,田中,,2023-07-14 22:55:23,,
1404,18,太郎,田中,,2023-07-14 22:55:23,,
1405,83,太郎,田中,,2023-07-14 22:55:23,,
1406,73,太郎,田中,,2023-07-14 22:55:23,,
1407,74,太郎,田中,,2023-07-14 22:55:23,,
1408,44,太郎,田中,,2023-07-14 22:55:23,,
1409,86,太郎,田中,,2023-07-14 22:55:23,,
1410,42,太郎,田中,,2023-07-14 22:55:23,,
1411,71,太郎,田中,,2023-07-14 22:55:23,,
1412,39,太郎,田中,,2023-07-14 22:55:23,,
1413,72,太郎,田中,,2023-07-14 22:55:23,,
1414,34,太郎,田中,,2023-07-14 22:55:23,,
1415,63,太郎,田中,,2023-07-14 22:55:23,,
1416,52,太郎,田中,,2023-07-14 22:55:23,,
1417,99,太郎,田中,,2023-07-14 22:55:23,,
1418,68,太郎,田中,,2023-07-14 22:55:23,,
1419,8,太郎,田中,,2023-07-14 22:55:23,,
1420,31,太郎,田中,,2023-07-14 22:55:23,,
1421,90,太郎,田中,,2023-07-14 22:55:23,,
1422,70,太郎,田中,,2023-07-14 22:55:23,,
1423,91,太郎,田中,,2023-07-14 22:55:23,,
1424,95,太郎,田中,,2023-07-14 22:55:23,,
1425,35,太郎,田中,,2023-07-14 22:55:23,,
1426,6,太郎,田中,,2023-07-14 22:55:23,,
1427,61,太郎,田中,,2023-07-14 22:55:23,,
1428,70,太郎,田中,,2023-07-14 22:55:23,,
1429,9,太郎,田中,,2023-07-14 22:55:23,,
1430,43,太郎,田中,,2023-07-14 22:55:23,,
1431,87,太郎,田中,,2023-07-14 22:55:23,,
1432,13,太郎,田中,,2023-07-14 22:55:23,,
1433,13,太郎,田中,,2023-07-14 22:55:23,,
1434,15,太郎,田中,,2023-07-14 22:55:23,,
1435,62,太郎,田中,,2023-07-14 22:55:23,,
1436,55,太郎,田中,,2023-07-14 22:55:23,,
1437,79,太郎,田中,,2023-07-14 22:55:23,,
1438,49,太郎,田中,,2023-07-14 22:55:23,,
1439,25,太郎,田中,,2023-07-14 22:55:23,,
1440,60,太郎,田中,,2023-07-14 22:55:23,,
1441,12,太郎,田中,,2023-07-14 22:55:23,,
1442,24,太郎,田中,,2023-07-14 22:55:23,,
1443,91,太郎,田中,,2023-07-14 22:55:23,,
1444,66,太郎,田中,,2023-07-14 22:55:23,,
1445,82,太郎,田中,,2023-07-14 22:55:23,,
1446,63,太郎,田中,,2023-07-14 22:55:23,,
1447,54,太郎,田中,,2023-07-14 22:55:23,,
1448,25,太郎,田中,,2023-07-14 22:55:23,,
1449,15,太郎,田中,,2023-07-14 22:55:23,,
1450,74,太郎,田中,,2023-07-14 22:55:23,,
1451,36,太郎,田中,,2023-07-14 22:55:23,,
1452,11,太郎,田中,,2023-07-14 22:55:23,,
1453,41,太郎,田中,,2023-07-14 22:55:23,,
1454,62,太郎,田中,,2023-07-14 22:55:23,,
1455,69,太郎,田中,,2023-07-14 22:55:23,,
1456,14,太郎,田中,,2023-07-14 22:55:23,,
1457,13,太郎,田中,,2023-07-14 22:55:23,,
1458,19,太郎,田中,,2023-07-14 22:55:23,,
1459,16,太郎,田中,,2023-07-14 22:55:23,,
1460,38,太郎,田中,,2023-07-14 22:55:23,,
1461,43,太郎,田中,,2023-07-14 22:55:23,,
1462,12,太郎,田中,,2023-07-14 22:55:23,,
1463,50,太郎,田中,,2023-07-14 22:55:23,,
1464,67,太郎,田中,,2023-07-14 22:55:23,,
1465,89,太郎,田中,,2023-07-14 22:55:23,,
1466,22,太郎,田中,,2023-07-14 22:55:23,,
1467,40,太郎,田中,,2023-07-14 22:55:23,,
1468,66,太郎,田中,,2023-07-14 22:55:23,,
1469,4,太郎,田中,,2023-07-14 22:55:23,,
1470,17,太郎,田中,,2023-07-14 22:55:23,,
1471,92,太郎,田中,,2023-07-14 22:55:23,,
1472,74,太郎,田中,,2023-07-14 22:55:23,,
1473,60,太郎,田中,,2023-07-14 22:55:23,,
1474,18,太郎,田中,,2023-07-14 22:55:23,,
1475,94,太郎,田中,,2023-07-14 22:55:23,,
1476,54,太郎,田中,,2023-07-14 22:55:23,,
1477,82,太郎,田中,,2023-07-14 22:55:23,,
1478,67,太郎,田中,,2023-07-14 22:55:23,,
1479,84,太郎,田中,,2023-07-14 22:55:23,,
1480,26,太郎,田中,,2023-07-14 22:55:23,,
1481,51,太郎,田中,,2023-07-14 22:55:23,,
1482,33,太郎,田中,,2023-07-14 22:55:23,,
1483,83,太郎,田中,,2023-07-14 22:55:23,,
1484,7,太郎,田中,,2023-07-14 22:55:23,,
1485,96,太郎,田中,,2023-07-14 22:55:23,,
1486,35,太郎,田中,,2023-07-14 22:55:23,,
1487,22,太郎,田中,,2023-07-14 22:55:23,,
1488,16,太郎,田中,,2023-07-14 22:55:23,,
1489,34,太郎,田中,,2023-07-14 22:55:23,,
1490,79,太郎,田中,,2023-07-14 22:55:23,,
1491,68,太郎,田中,,2023-07-14 22:55:23,,
1492,93,太郎,田中,,2023-07-14 22:55:23,,
1493,38,太郎,田中,,2023-07-14 22:55:23,,
1494,6,太郎,田中,,2023-07-14 22:55:23,,
1495,62,太郎,田中,,2023-07-14 22:55:23,,
1496,67,太郎,田中,,2023-07-14 22:55:23,,
1497,55,太郎,田中,,2023-07-14 22:55:23,,
1498,71,太郎,田中,,2023-07-14 22:55:23,,
1499,75,太郎,田中,,2023-07-14 22:55:23,,
1500,23,太郎,田中,,2023-07-14 22:55:23,,
1501,63,太郎,田中,,2023-07-14 22:55:23,,
1502,43,太郎,田中,,2023-07-14 22:55:23,,
1503,57,太郎,田中,,2023-07-14 22:55:23,,
1504,62,太郎,田中,,2023-07-14 22:55:23,,
1505,25,太郎,田中,,2023-07-14 22:55:23,,
1506,21,太郎,田中,,2023-07-14 22:55:23,,
1507,60,太郎,田中,,2023-07-14 22:55:23,,
1508,20,太郎,田中,,2023-07-14 22:55:23,,
1509,97,太郎,田中,,2023-07-14 22:55:23,,
1510,15,太郎,田中,,2023-07-14 22:55:23,,
1511,14,太郎,田中,,2023-07-14 22:55:23,,
1512,98,太郎,田中,,2023-07-14 22:55:23,,
1513,55,太郎,田中,,2023-07-14 22:55:23,,
1514,20,太郎,田中,,2023-07-14 22:55:23,,
1515,70,太郎,田中,,2023-07-14 22:55:23,,
1516,54,太郎,田中,,2023-07-14 22:55:23,,
1517,10,太郎,田中,,2023-07-14 22:55:23,,
1518,55,太郎,田中,,2023-07-14 22:55:23,,
1519,81,太郎,田中,,2023-07-14 22:55:23,,
1520,89,太郎,田中,,2023-07-14 22:55:23,,
1521,60,太郎,田中,,2023-07-14 22:55:23,,
1522,6,太郎,田中,,2023-07-14 22:55:23,,
1523,21,太郎,田中,,2023-07-14 22:55:23,,
1524,59,太郎,田中,,2023-07-14 22:55:23,,
1525,29,太郎,田中,,2023-07-14 22:55:23,,
1526,8,太郎,田中,,2023-07-14 22:55:23,,
1527,49,太郎,田中,,2023-07-14 22:55:23,,
1528,87,太郎,田中,,2023-07-14 22:55:23,,
1529,62,太郎,田中,,2023-07-14 22:55:23,,
1530,81,太郎,田中,,2023-07-14 22:55:23,,
1531,87,太郎,田中,,2023-07-14 22:55:23,,
1532,33,太郎,田中,,2023-07-14 22:55:23,,
1533,97,太郎,田中,,2023-07-14 22:55:23,,
1534,97,太郎,田中,,2023-07-14 22:55:23,,
1535,16,太郎,田中,,2023-07-14 22:55:23,,
1536,8,太郎,田中,,2023-07-14 22:55:23,,
1537,57,太郎,田中,,2023-07-14 22:55:23,,
1538,22,太郎,田中,,2023-07-14 22:55:23,,
1539,81,太郎,田中,,2023-07-14 22:55:23,,
1540,85,太郎,田中,,2023-07-14 22:55:23,,
1541,5,太郎,田中,,2023-07-14 22:55:23,,
1542,14,太郎,田中,,2023-07-14 22:55:23,,
1543,70,太郎,田中,,2023-07-14 22:55:23,,
1544,66,太郎,田中,,2023-07-14 22:55:23,,
1545,51,太郎,田中,,2023-07-14 22:55:23,,
1546,2,太郎,田中,,2023-07-14 22:55:23,,
1547,54,太郎,田中,,2023-07-14 22:55:23,,
1548,100,太郎,田中,,2023-07-14 22:55:23,,
1549,44,太郎,田中,,2023-07-14 22:55:23,,
1550,14,太郎,田中,,2023-07-14 22:55:23,,
1551,65,太郎,田中,,2023-07-14 22:55:23,,
1552,63,太郎,田中,,2023-07-14 22:55:23,,
1553,47,太郎,田中,,2023-07-14 22:55:23,,
1554,18,太郎,田中,,2023-07-14 22:55:23,,
1555,58,太郎,田中,,2023-07-14 22:55:23,,
1556,10,太郎,田中,,2023-07-14 22:55:23,,
1557,59,太郎,田中,,2023-07-14 22:55:23,,
1558,74,太郎,田中,,2023-07-14 22:55:23,,
1559,13,太郎,田中,,2023-07-14 22:55:23,,
1560,86,太郎,田中,,2023-07-14 22:55:23,,
1561,66,太郎,田中,,2023-07-14 22:55:23,,
1562,83,太郎,田中,,2023-07-14 22:55:23,,
1563,42,太郎,田中,,2023-07-14 22:55:23,,
1564,17,太郎,田中,,2023-07-14 22:55:23,,
1565,4,太郎,田中,,2023-07-14 22:55:23,,
1566,27,太郎,田中,,2023-07-14 22:55:23,,
1567,5,太郎,田中,,2023-07-14 22:55:23,,
1568,4,太郎,田中,,2023-07-14 22:55:23,,
1569,23,太郎,田中,,2023-07-14 22:55:23,,
1570,43,太郎,田中,,2023-07-14 22:55:23,,
1571,74,太郎,田中,,2023-07-14 22:55:23,,
1572,92,太郎,田中,,2023-07-14 22:55:23,,
1573,28,太郎,田中,,2023-07-14 22:55:23,,
1574,10,太郎,田中,,2023-07-14 22:55:23,,
1575,47,太郎,田中,,2023-07-14 22:55:23,,
1576,69,太郎,田中,,2023-07-14 22:55:23,,
1577,78,太郎,田中,,2023-07-14 22:55:23,,
1578,10,太郎,田中,,2023-07-14 22:55:23,,
1579,20,太郎,田中,,2023-07-14 22:55:23,,
1580,44,太郎,田中,,2023-07-14 22:55:23,,
1581,41,太郎,田中,,2023-07-14 22:55:23,,
1582,68,太郎,田中,,2023-07-14 22:55:23,,
1583,63,太郎,田中,,2023-07-14 22:55:23,,
1584,74,太郎,田中,,2023-07-14 22:55:23,,
1585,65,太郎,田中,,2023-07-14 22:55:23,,
1586,36,太郎,田中,,2023-07-14 22:55:23,,
1587,16,太郎,田中,,2023-07-14 22:55:23,,
1588,41,太郎,田中,,2023-07-14 22:55:23,,
1589,36,太郎,田中,,2023-07-14 22:55:23,,
1590,2,太郎,田中,,2023-07-14 22:55:23,,
1591,99,太郎,田中,,2023-07-14 22:55:23,,
1592,100,太郎,田中,,2023-07-14 22:55:23,,
1593,33,太郎,田中,,2023-07-14 22:55:23,,
1594,61,太郎,田中,,2023-07-14 22:55:23,,
1595,1,太郎,田中,,2023-07-14 22:55:23,,
1596,22,太郎,田中,,2023-07-14 22:55:23,,
1597,75,太郎,田中,,2023-07-14 22:55:23,,
1598,64,太郎,田中,,2023-07-14 22:55:23,,
1599,45,太郎,田中,,2023-07-14 22:55:23,,
1600,74,太郎,田中,,2023-07-14 22:55:23,,
1601,81,太郎,田中,,2023-07-14 22:55:23,,
1602,13,太郎,田中,,2023-07-14 22:55:23,,
1603,20,太郎,田中,,2023-07-14 22:55:23,,
1604,42,太郎,田中,,2023-07-14 22:55:23,,
1605,57,太郎,田中,,2023-07-14 22:55:23,,
1606,30,太郎,田中,,2023-07-14 22:55:23,,
1607,40,太郎,田中,,2023-07-14 22:55:23,,
1608,18,太郎,田中,,2023-07-14 22:55:23,,
1609,56,太郎,田中,,2023-07-14 22:55:23,,
1610,44,太郎,田中,,2023-07-14 22:55:23,,
1611,4,太郎,田中,,2023-07-14 22:55:23,,
1612,14,太郎,田中,,2023-07-14 22:55:23,,
1613,31,太郎,田中,,2023-07-14 22:55:23,,
1614,4,太郎,田中,,2023-07-14 22:55:23,,
1615,45,太郎,田中,,2023-07-14 22:55:23,,
1616,45,太郎,田中,,2023-07-14 22:55:23,,
1617,37,太郎,田中,,2023-07-14 22:55:23,,
1618,17,太郎,田中,,2023-07-14 22:55:23,,
1619,87,太郎,田中,,2023-07-14 22:55:23,,
1620,74,太郎,田中,,2023-07-14 22:55:23,,
1621,19,太郎,田中,,2023-07-14 22:55:23,,
1622,34,太郎,田中,,2023-07-14 22:55:23,,
1623,89,太郎,田中,,2023-07-14 22:55:23,,
1624,56,太郎,田中,,2023-07-14 22:55:23,,
1625,54,太郎,田中,,2023-07-14 22:55:23,,
1626,9,太郎,田中,,2023-07-14 22:55:23,,
1627,10,太郎,田中,,2023-07-14 22:55:23,,
1628,54,太郎,田中,,2023-07-14 22:55:23,,
1629,60,太郎,田中,,2023-07-14 22:55:23,,
1630,49,太郎,田中,,2023-07-14 22:55:23,,
1631,13,太郎,田中,,2023-07-14 22:55:23,,
1632,21,太郎,田中,,2023-07-14 22:55:23,,
1633,89,太郎,田中,,2023-07-14 22:55:23,,
1634,58,太郎,田中,,2023-07-14 22:55:23,,
1635,28,太郎,田中,,2023-07-14 22:55:23,,
1636,56,太郎,田中,,2023-07-14 22:55:23,,
1637,95,太郎,田中,,2023-07-14 22:55:23,,
1638,36,太郎,田中,,2023-07-14 22:55:23,,
1639,92,太郎,田中,,2023-07-14 22:55:23,,
1640,69,太郎,田中,,2023-07-14 22:55:23,,
1641,63,太郎,田中,,2023-07-14 22:55:23,,
1642,90,太郎,田中,,2023-07-14 22:55:23,,
1643,35,太郎,田中,,2023-07-14 22:55:23,,
1644,57,太郎,田中,,2023-07-14 22:55:23,,
1645,57,太郎,田中,,2023-07-14 22:55:23,,
1646,30,太郎,田中,,2023-07-14 22:55:23,,
1647,97,太郎,田中,,2023-07-14 22:55:23,,
1648,2,太郎,田中,,2023-07-14 22:55:23,,
1649,12,太郎,田中,,2023-07-14 22:55:23,,
1650,10,太郎,田中,,2023-07-14 22:55:23,,
1651,44,太郎,田中,,2023-07-14 22:55:23,,
1652,79,太郎,田中,,2023-07-14 22:55:23,,
1653,24,太郎,田中,,2023-07-14 22:55:23,,
1654,75,太郎,田中,,2023-07-14 22:55:23,,
1655,11,太郎,田中,,2023-07-14 22:55:23,,
1656,17,太郎,田中,,2023-07-14 22:55:23,,
1657,100,太郎,田中,,2023-07-14 22:55:23,,
1658,20,太郎,田中,,2023-07-14 22:55:23,,
1659,99,太郎,田中,,2023-07-14 22:55:23,,
1660,32,太郎,田中,,2023-07-14 22:55:23,,
1661,56,太郎,田中,,2023-07-14 22:55:23,,
1662,85,太郎,田中,,2023-07-14 22:55:23,,
1663,43,太郎,田中,,2023-07-14 22:55:23,,
1664,1,太郎,田中,,2023-07-14 22:55:23,,
1665,33,太郎,田中,,2023-07-14 22:55:23,,
1666,17,太郎,田中,,2023-07-14 22:55:23,,
1667,23,太郎,田中,,2023-07-14 22:55:23,,
1668,69,太郎,田中,,2023-07-14 22:55:23,,
1669,28,太郎,田中,,2023-07-14 22:55:23,,
1670,12,太郎,田中,,2023-07-14 22:55:23,,
1671,80,太郎,田中,,2023-07-14 22:55:23,,
1672,33,太郎,田中,,2023-07-14 22:55:23,,
1673,56,太郎,田中,,2023-07-14 22:55:23,,
1674,77,太郎,田中,,2023-07-14 22:55:23,,
1675,5,太郎,田中,,2023-07-14 22:55:23,,
1676,58,太郎,田中,,2023-07-14 22:55:23,,
1677,24,太郎,田中,,2023-07-14 22:55:23,,
1678,90,太郎,田中,,2023-07-14 22:55:23,,
1679,79,太郎,田中,,2023-07-14 22:55:23,,
1680,6,太郎,田中,,2023-07-14 22:55:23,,
1681,53,太郎,田中,,2023-07-14 22:55:23,,
1682,35,太郎,田中,,2023-07-14 22:55:23,,
1683,89,太郎,田中,,2023-07-14 22:55:23,,
1684,33,太郎,田中,,2023-07-14 22:55:23,,
1685,57,太郎,田中,,2023-07-14 22:55:23,,
1686,39,太郎,田中,,2023-07-14 22:55:23,,
1687,87,太郎,田中,,2023-07-14 22:55:23,,
1688,48,太郎,田中,,2023-07-14 22:55:23,,
1689,95,太郎,田中,,2023-07-14 22:55:23,,
1690,2,太郎,田中,,2023-07-14 22:55:23,,
1691,19,太郎,田中,,2023-07-14 22:55:23,,
1692,70,太郎,田中,,2023-07-14 22:55:23,,
1693,24,太郎,田中,,2023-07-14 22:55:23,,
1694,19,太郎,田中,,2023-07-14 22:55:23,,
1695,45,太郎,田中,,2023-07-14 22:55:23,,
1696,19,太郎,田中,,2023-07-14 22:55:23,,
1697,83,太郎,田中,,2023-07-14 22:55:23,,
1698,91,太郎,田中,,2023-07-14 22:55:23,,
1699,55,太郎,田中,,2023-07-14 22:55:23,,
1700,39,太郎,田中,,2023-07-14 22:55:23,,
1701,23,太郎,田中,,2023-07-14 22:55:23,,
1702,69,太郎,田中,,2023-07-14 22:55:23,,
1703,12,太郎,田中,,2023-07-14 22:55:23,,
1704,2,太郎,田中,,2023-07-14 22:55:23,,
1705,99,太郎,田中,,2023-07-14 22:55:23,,
1706,48,太郎,田中,,2023-07-14 22:55:23,,
1707,62,太郎,田中,,2023-07-14 22:55:23,,
1708,91,太郎,田中,,2023-07-14 22:55:23,,
1709,82,太郎,田中,,2023-07-14 22:55:23,,
1710,5,太郎,田中,,2023-07-14 22:55:23,,
1711,13,太郎,田中,,2023-07-14 22:55:23,,
1712,13,太郎,田中,,2023-07-14 22:55:23,,
1713,58,太郎,田中,,2023-07-14 22:55:23,,
1714,88,太郎,田中,,2023-07-14 22:55:23,,
1715,32,太郎,田中,,2023-07-14 22:55:23,,
1716,85,太郎,田中,,2023-07-14 22:55:23,,
1717,73,太郎,田中,,2023-07-14 22:55:23,,
1718,22,太郎,田中,,2023-07-14 22:55:23,,
1719,95,太郎,田中,,2023-07-14 22:55:23,,
1720,7,太郎,田中,,2023-07-14 22:55:23,,
1721,13,太郎,田中,,2023-07-14 22:55:23,,
1722,7,太郎,田中,,2023-07-14 22:55:23,,
1723,97,太郎,田中,,2023-07-14 22:55:23,,
1724,90,太郎,田中,,2023-07-14 22:55:23,,
1725,25,太郎,田中,,2023-07-14 22:55:23,,
1726,36,太郎,田中,,2023-07-14 22:55:23,,
1727,54,太郎,田中,,2023-07-14 22:55:23,,
1728,56,太郎,田中,,2023-07-14 22:55:23,,
1729,75,太郎,田中,,2023-07-14 22:55:23,,
1730,9,太郎,田中,,2023-07-14 22:55:23,,
1731,43,太郎,田中,,2023-07-14 22:55:23,,
1732,89,太郎,田中,,2023-07-14 22:55:23,,
1733,46,太郎,田中,,2023-07-14 22:55:23,,
1734,86,太郎,田中,,2023-07-14 22:55:23,,
1735,60,太郎,田中,,2023-07-14 22:55:23,,
1736,5,太郎,田中,,2023-07-14 22:55:23,,
1737,34,太郎,田中,,2023-07-14 22:55:23,,
1738,60,太郎,田中,,2023-07-14 22:55:23,,
1739,32,太郎,田中,,2023-07-14 22:55:23,,
1740,82,太郎,田中,,2023-07-14 22:55:23,,
1741,22,太郎,田中,,2023-07-14 22:55:23,,
1742,38,太郎,田中,,2023-07-14 22:55:23,,
1743,91,太郎,田中,,2023-07-14 22:55:23,,
1744,63,太郎,田中,,2023-07-14 22:55:23,,
1745,1,太郎,田中,,2023-07-14 22:55:23,,
1746,77,太郎,田中,,2023-07-14 22:55:23,,
1747,90,太郎,田中,,2023-07-14 22:55:23,,
1748,70,太郎,田中,,2023-07-14 22:55:23,,
1749,62,太郎,田中,,2023-07-14 22:55:23,,
1750,95,太郎,田中,,2023-07-14 22:55:23,,
1751,63,太郎,田中,,2023-07-14 22:55:23,,
1752,65,太郎,田中,,2023-07-14 22:55:23,,
1753,5,太郎,田中,,2023-07-14 22:55:23,,
1754,3,太郎,田中,,2023-07-14 22:55:23,,
1755,17,太郎,田中,,2023-07-14 22:55:23,,
1756,49,太郎,田中,,2023-07-14 22:55:23,,
1757,89,太郎,田中,,2023-07-14 22:55:23,,
1758,98,太郎,田中,,2023-07-14 22:55:23,,
1759,2,太郎,田中,,2023-07-14 22:55:23,,
1760,12,太郎,田中,,2023-07-14 22:55:23,,
1761,11,太郎,田中,,2023-07-14 22:55:23,,
1762,19,太郎,田中,,2023-07-14 22:55:23,,
1763,33,太郎,田中,,2023-07-14 22:55:23,,
1764,67,太郎,田中,,2023-07-14 22:55:23,,
1765,9,太郎,田中,,2023-07-14 22:55:23,,
1766,61,太郎,田中,,2023-07-14 22:55:23,,
1767,10,太郎,田中,,2023-07-14 22:55:23,,
1768,87,太郎,田中,,2023-07-14 22:55:23,,
1769,56,太郎,田中,,2023-07-14 22:55:23,,
1770,9,太郎,田中,,2023-07-14 22:55:23,,
1771,60,太郎,田中,,2023-07-14 22:55:23,,
1772,10,太郎,田中,,2023-07-14 22:55:23,,
1773,7,太郎,田中,,2023-07-14 22:55:23,,
1774,83,太郎,田中,,2023-07-14 22:55:23,,
1775,10,太郎,田中,,2023-07-14 22:55:23,,
1776,87,太郎,田中,,2023-07-14 22:55:23,,
1777,98,太郎,田中,,2023-07-14 22:55:23,,
1778,74,太郎,田中,,2023-07-14 22:55:23,,
1779,12,太郎,田中,,2023-07-14 22:55:23,,
1780,26,太郎,田中,,2023-07-14 22:55:23,,
1781,52,太郎,田中,,2023-07-14 22:55:23,,
1782,31,太郎,田中,,2023-07-14 22:55:23,,
1783,83,太郎,田中,,2023-07-14 22:55:23,,
1784,42,太郎,田中,,2023-07-14 22:55:23,,
1785,43,太郎,田中,,2023-07-14 22:55:23,,
1786,53,太郎,田中,,2023-07-14 22:55:23,,
1787,29,太郎,田中,,2023-07-14 22:55:23,,
1788,1,太郎,田中,,2023-07-14 22:55:23,,
1789,100,太郎,田中,,2023-07-14 22:55:23,,
1790,88,太郎,田中,,2023-07-14 22:55:23,,
1791,17,太郎,田中,,2023-07-14 22:55:23,,
1792,85,太郎,田中,,2023-07-14 22:55:23,,
1793,98,太郎,田中,,2023-07-14 22:55:23,,
1794,10,太郎,田中,,2023-07-14 22:55:23,,
1795,89,太郎,田中,,2023-07-14 22:55:23,,
1796,38,太郎,田中,,2023-07-14 22:55:23,,
1797,41,太郎,田中,,2023-07-14 22:55:23,,
1798,1,太郎,田中,,2023-07-14 22:55:23,,
1799,44,太郎,田中,,2023-07-14 22:55:23,,
1800,13,太郎,田中,,2023-07-14 22:55:23,,
1801,35,太郎,田中,,2023-07-14 22:55:23,,
1802,80,太郎,田中,,2023-07-14 22:55:23,,
1803,82,太郎,田中,,2023-07-14 22:55:23,,
1804,21,太郎,田中,,2023-07-14 22:55:23,,
1805,23,太郎,田中,,2023-07-14 22:55:23,,
1806,83,太郎,田中,,2023-07-14 22:55:23,,
1807,32,太郎,田中,,2023-07-14 22:55:23,,
1808,47,太郎,田中,,2023-07-14 22:55:23,,
1809,3,太郎,田中,,2023-07-14 22:55:23,,
1810,94,太郎,田中,,2023-07-14 22:55:23,,
1811,29,太郎,田中,,2023-07-14 22:55:23,,
1812,48,太郎,田中,,2023-07-14 22:55:23,,
1813,46,太郎,田中,,2023-07-14 22:55:23,,
1814,49,太郎,田中,,2023-07-14 22:55:23,,
1815,51,太郎,田中,,2023-07-14 22:55:23,,
1816,79,太郎,田中,,2023-07-14 22:55:23,,
1817,1,太郎,田中,,2023-07-14 22:55:23,,
1818,33,太郎,田中,,2023-07-14 22:55:23,,
1819,78,太郎,田中,,2023-07-14 22:55:23,,
1820,74,太郎,田中,,2023-07-14 22:55:23,,
1821,15,太郎,田中,,2023-07-14 22:55:23,,
1822,93,太郎,田中,,2023-07-14 22:55:23,,
1823,41,太郎,田中,,2023-07-14 22:55:23,,
1824,64,太郎,田中,,2023-07-14 22:55:23,,
1825,91,太郎,田中,,2023-07-14 22:55:23,,
1826,55,太郎,田中,,2023-07-14 22:55:23,,
1827,4,太郎,田中,,2023-07-14 22:55:23,,
1828,99,太郎,田中,,2023-07-14 22:55:23,,
1829,85,太郎,田中,,2023-07-14 22:55:23,,
1830,30,太郎,田中,,2023-07-14 22:55:23,,
1831,43,太郎,田中,,2023-07-14 22:55:23,,
1832,98,太郎,田中,,2023-07-14 22:55:23,,
1833,46,太郎,田中,,2023-07-14 22:55:23,,
1834,22,太郎,田中,,2023-07-14 22:55:23,,
1835,17,太郎,田中,,2023-07-14 22:55:23,,
1836,79,太郎,田中,,2023-07-14 22:55:23,,
1837,56,太郎,田中,,2023-07-14 22:55:23,,
1838,69,太郎,田中,,2023-07-14 22:55:23,,
1839,69,太郎,田中,,2023-07-14 22:55:23,,
1840,93,太郎,田中,,2023-07-14 22:55:23,,
1841,26,太郎,田中,,2023-07-14 22:55:23,,
1842,8,太郎,田中,,2023-07-14 22:55:23,,
1843,32,太郎,田中,,2023-07-14 22:55:23,,
1844,65,太郎,田中,,2023-07-14 22:55:23,,
1845,81,太郎,田中,,2023-07-14 22:55:23,,
1846,85,太郎,田中,,2023-07-14 22:55:23,,
1847,38,太郎,田中,,2023-07-14 22:55:23,,
1848,29,太郎,田中,,2023-07-14 22:55:23,,
1849,46,太郎,田中,,2023-07-14 22:55:23,,
1850,64,太郎,田中,,2023-07-14 22:55:23,,
1851,62,太郎,田中,,2023-07-14 22:55:23,,
1852,83,太郎,田中,,2023-07-14 22:55:23,,
1853,98,太郎,田中,,2023-07-14 22:55:23,,
1854,2,太郎,田中,,2023-07-14 22:55:23,,
1855,83,太郎,田中,,2023-07-14 22:55:23,,
1856,55,太郎,田中,,2023-07-14 22:55:23,,
1857,86,太郎,田中,,2023-07-14 22:55:23,,
1858,77,太郎,田中,,2023-07-14 22:55:23,,
1859,40,太郎,田中,,2023-07-14 22:55:23,,
1860,13,太郎,田中,,2023-07-14 22:55:23,,
1861,16,太郎,田中,,2023-07-14 22:55:23,,
1862,19,太郎,田中,,2023-07-14 22:55:23,,
1863,12,太郎,田中,,2023-07-14 22:55:23,,
1864,61,太郎,田中,,2023-07-14 22:55:23,,
1865,32,太郎,田中,,2023-07-14 22:55:23,,
1866,47,太郎,田中,,2023-07-14 22:55:23,,
1867,88,太郎,田中,,2023-07-14 22:55:23,,
1868,34,太郎,田中,,2023-07-14 22:55:23,,
1869,93,太郎,田中,,2023-07-14 22:55:23,,
1870,23,太郎,田中,,2023-07-14 22:55:23,,
1871,92,太郎,田中,,2023-07-14 22:55:23,,
1872,48,太郎,田中,,2023-07-14 22:55:23,,
1873,70,太郎,田中,,2023-07-14 22:55:23,,
1874,67,太郎,田中,,2023-07-14 22:55:23,,
1875,69,太郎,田中,,2023-07-14 22:55:23,,
1876,43,太郎,田中,,2023-07-14 22:55:23,,
1877,8,太郎,田中,,2023-07-14 22:55:23,,
1878,87,太郎,田中,,2023-07-14 22:55:23,,
1879,76,太郎,田中,,2023-07-14 22:55:23,,
1880,73,太郎,田中,,2023-07-14 22:55:23,,
1881,69,太郎,田中,,2023-07-14 22:55:23,,
1882,79,太郎,田中,,2023-07-14 22:55:23,,
1883,14,太郎,田中,,2023-07-14 22:55:23,,
1884,60,太郎,田中,,2023-07-14 22:55:23,,
1885,92,太郎,田中,,2023-07-14 22:55:23,,
1886,41,太郎,田中,,2023-07-14 22:55:23,,
1887,86,太郎,田中,,2023-07-14 22:55:23,,
1888,29,太郎,田中,,2023-07-14 22:55:23,,
1889,16,太郎,田中,,2023-07-14 22:55:23,,
1890,45,太郎,田中,,2023-07-14 22:55:23,,
1891,90,太郎,田中,,2023-07-14 22:55:23,,
1892,75,太郎,田中,,2023-07-14 22:55:23,,
1893,88,太郎,田中,,2023-07-14 22:55:23,,
1894,51,太郎,田中,,2023-07-14 22:55:23,,
1895,39,太郎,田中,,2023-07-14 22:55:23,,
1896,4,太郎,田中,,2023-07-14 22:55:23,,
1897,92,太郎,田中,,2023-07-14 22:55:23,,
1898,54,太郎,田中,,2023-07-14 22:55:23,,
1899,64,太郎,田中,,2023-07-14 22:55:23,,
1900,12,太郎,田中,,2023-07-14 22:55:23,,
1901,51,太郎,田中,,2023-07-14 22:55:23,,
1902,73,太郎,田中,,2023-07-14 22:55:23,,
1903,68,太郎,田中,,2023-07-14 22:55:23,,
1904,23,太郎,田中,,2023-07-14 22:55:23,,
1905,6,太郎,田中,,2023-07-14 22:55:23,,
1906,62,太郎,田中,,2023-07-14 22:55:23,,
1907,74,太郎,田中,,2023-07-14 22:55:23,,
1908,5,太郎,田中,,2023-07-14 22:55:23,,
1909,2,太郎,田中,,2023-07-14 22:55:23,,
1910,43,太郎,田中,,2023-07-14 22:55:23,,
1911,76,太郎,田中,,2023-07-14 22:55:23,,
1912,60,太郎,田中,,2023-07-14 22:55:23,,
1913,30,太郎,田中,,2023-07-14 22:55:23,,
1914,7,太郎,田中,,2023-07-14 22:55:23,,
1915,8,太郎,田中,,2023-07-14 22:55:23,,
1916,10,太郎,田中,,2023-07-14 22:55:23,,
1917,1,太郎,田中,,2023-07-14 22:55:23,,
1918,17,太郎,田中,,2023-07-14 22:55:23,,
1919,29,太郎,田中,,2023-07-14 22:55:23,,
1920,94,太郎,田中,,2023-07-14 22:55:23,,
1921,85,太郎,田中,,2023-07-14 22:55:23,,
1922,90,太郎,田中,,2023-07-14 22:55:23,,
1923,65,太郎,田中,,2023-07-14 22:55:23,,
1924,3,太郎,田中,,2023-07-14 22:55:23,,
1925,6,太郎,田中,,2023-07-14 22:55:23,,
1926,2,太郎,田中,,2023-07-14 22:55:23,,
1927,70,太郎,田中,,2023-07-14 22:55:23,,
1928,18,太郎,田中,,2023-07-14 22:55:23,,
1929,89,太郎,田中,,2023-07-14 22:55:23,,
1930,82,太郎,田中,,2023-07-14 22:55:23,,
1931,32,太郎,田中,,2023-07-14 22:55:23,,
1932,45,太郎,田中,,2023-07-14 22:55:23,,
1933,27,太郎,田中,,2023-07-14 22:55:23,,
1934,6,太郎,田中,,2023-07-14 22:55:23,,
1935,17,太郎,田中,,2023-07-14 22:55:23,,
1936,48,太郎,田中,,2023-07-14 22:55:23,,
1937,61,太郎,田中,,2023-07-14 22:55:23,,
1938,1,太郎,田中,,2023-07-14 22:55:23,,
1939,14,太郎,田中,,2023-07-14 22:55:23,,
1940,91,太郎,田中,,2023-07-14 22:55:23,,
1941,95,太郎,田中,,2023-07-14 22:55:23,,
1942,19,太郎,田中,,2023-07-14 22:55:23,,
1943,69,太郎,田中,,2023-07-14 22:55:23,,
1944,79,太郎,田中,,2023-07-14 22:55:23,,
1945,30,太郎,田中,,2023-07-14 22:55:23,,
1946,88,太郎,田中,,2023-07-14 22:55:23,,
1947,92,太郎,田中,,2023-07-14 22:55:23,,
1948,97,太郎,田中,,2023-07-14 22:55:23,,
1949,10,太郎,田中,,2023-07-14 22:55:23,,
1950,5,太郎,田中,,2023-07-14 22:55:23,,
1951,45,太郎,田中,,2023-07-14 22:55:23,,
1952,94,太郎,田中,,2023-07-14 22:55:23,,
1953,22,太郎,田中,,2023-07-14 22:55:23,,
1954,52,太郎,田中,,2023-07-14 22:55:23,,
1955,8,太郎,田中,,2023-07-14 22:55:23,,
1956,51,太郎,田中,,2023-07-14 22:55:23,,
1957,21,太郎,田中,,2023-07-14 22:55:23,,
1958,49,太郎,田中,,2023-07-14 22:55:23,,
1959,13,太郎,田中,,2023-07-14 22:55:23,,
1960,11,太郎,田中,,2023-07-14 22:55:23,,
1961,91,太郎,田中,,2023-07-14 22:55:23,,
1962,79,太郎,田中,,2023-07-14 22:55:23,,
1963,91,太郎,田中,,2023-07-14 22:55:23,,
1964,6,太郎,田中,,2023-07-14 22:55:23,,
1965,78,太郎,田中,,2023-07-14 22:55:23,,
1966,5,太郎,田中,,2023-07-14 22:55:23,,
1967,99,太郎,田中,,2023-07-14 22:55:23,,
1968,36,太郎,田中,,2023-07-14 22:55:23,,
1969,35,太郎,田中,,2023-07-14 22:55:23,,
1970,21,太郎,田中,,2023-07-14 22:55:23,,
1971,67,太郎,田中,,2023-07-14 22:55:23,,
1972,25,太郎,田中,,2023-07-14 22:55:23,,
1973,38,太郎,田中,,2023-07-14 22:55:23,,
1974,37,太郎,田中,,2023-07-14 22:55:23,,
1975,75,太郎,田中,,2023-07-14 22:55:23,,
1976,46,太郎,田中,,2023-07-14 22:55:23,,
1977,17,太郎,田中,,2023-07-14 22:55:23,,
1978,8,太郎,田中,,2023-07-14 22:55:23,,
1979,43,太郎,田中,,2023-07-14 22:55:23,,
1980,50,太郎,田中,,2023-07-14 22:55:23,,
1981,21,太郎,田中,,2023-07-14 22:55:23,,
1982,44,太郎,田中,,2023-07-14 22:55:23,,
1983,74,太郎,田中,,2023-07-14 22:55:23,,
1984,30,太郎,田中,,2023-07-14 22:55:23,,
1985,62,太郎,田中,,2023-07-14 22:55:23,,
1986,46,太郎,田中,,2023-07-14 22:55:23,,
1987,33,太郎,田中,,2023-07-14 22:55:23,,
1988,42,太郎,田中,,2023-07-14 22:55:23,,
1989,49,太郎,田中,,2023-07-14 22:55:23,,
1990,8,太郎,田中,,2023-07-14 22:55:23,,
1991,70,太郎,田中,,2023-07-14 22:55:23,,
1992,63,太郎,田中,,2023-07-14 22:55:23,,
1993,29,太郎,田中,,2023-07-14 22:55:23,,
1994,8,太郎,田中,,2023-07-14 22:55:23,,
1995,67,太郎,田中,,2023-07-14 22:55:23,,
1996,85,太郎,田中,,2023-07-14 22:55:23,,
1997,18,太郎,田中,,2023-07-14 22:55:23,,
1998,22,太郎,田中,,2023-07-14 22:55:23,,
1999,23,太郎,田中,,2023-07-14 22:55:23,,
2000,66,太郎,田中,,2023-07-14 22:55:23,,